 
[2025-10-06 14:58:28] INFO [liquibase.lockservice] Successfully acquired change log lock
[2025-10-06 14:58:29] INFO [liquibase.changelog] Reading from RSHB_SOFR_DEBUG.DATABASECHANGELOG
[2025-10-06 14:58:30] INFO [liquibase.changelog] SQL in file ./122/122_BIQ-29457_create_dbdui_sem03_file_dbt_tmp.sql executed
[2025-10-06 14:58:30] INFO [liquibase.changelog] ChangeSet 122/release-changelog.xml::122_BIQ-29457_create_dbdui_sem03_file_dbt_tmp.sql::Loginov ran successfully in 119ms
[2025-10-06 14:58:30] INFO [liquibase.changelog] SQL in file ./122/122_BIQ-29457_create_dbdui_cux23_file_dbt_tmp.sql executed
[2025-10-06 14:58:30] INFO [liquibase.changelog] ChangeSet 122/release-changelog.xml::122_BIQ-29457_create_dbdui_cux23_file_dbt_tmp.sql::Loginov ran successfully in 78ms
[2025-10-06 14:58:31] INFO [liquibase.changelog] SQL in file ./122/122_BIQ-29457_create_dbdui_f04_o04_file_dbt_tmp.sql executed
[2025-10-06 14:58:31] INFO [liquibase.changelog] ChangeSet 122/release-changelog.xml::122_BIQ-29457_create_dbdui_f04_o04_file_dbt_tmp.sql::Loginov ran successfully in 103ms
[2025-10-06 14:58:31] INFO [liquibase.changelog] SQL in file ./dbObjectsDistr/it_checklimitreport.pks executed
[2025-10-06 14:58:31] INFO [liquibase.changelog] ChangeSet 122/release-changelog.xml::it_checklimitreport.pks::Shishkin ran successfully in 78ms
[2025-10-06 14:58:31] INFO [liquibase.changelog] SQL in file ./dbObjectsDistr/it_checklimitreport.pkb executed
[2025-10-06 14:58:31] INFO [liquibase.changelog] ChangeSet 122/release-changelog.xml::it_checklimitreport.pkb::Shishkin ran successfully in 625ms
[2025-10-06 14:58:31] INFO [liquibase.lockservice] Successfully released change log lock
[2025-10-06 14:58:34] INFO [liquibase.lockservice] Successfully acquired change log lock
[2025-10-06 14:58:35] INFO [liquibase.changelog] Reading from RSHB_SOFR_DEBUG.DATABASECHANGELOG
[2025-10-06 14:58:36] INFO [liquibase.lockservice] Successfully released change log lock
[2025-10-07 15:21:43] INFO [liquibase.lockservice] Successfully acquired change log lock
[2025-10-07 15:21:46] INFO [liquibase.changelog] Reading from RSHB_SOFR_DEBUG.DATABASECHANGELOG
[2025-10-07 15:21:47] INFO [liquibase.lockservice] Successfully released change log lock
[2025-10-07 16:30:57] INFO [liquibase.lockservice] Successfully acquired change log lock
[2025-10-07 16:30:58] INFO [liquibase.changelog] Reading from RSHB_SOFR_DEBUG.DATABASECHANGELOG
[2025-10-07 16:30:58] INFO [liquibase.lockservice] Successfully released change log lock
[2025-10-07 16:33:35] INFO [liquibase.lockservice] Successfully acquired change log lock
[2025-10-07 16:33:36] INFO [liquibase.changelog] Reading from RSHB_SOFR_DEBUG.DATABASECHANGELOG
[2025-10-07 16:33:37] INFO [liquibase.lockservice] Successfully released change log lock
[2025-10-07 16:37:16] INFO [liquibase.lockservice] Successfully acquired change log lock
[2025-10-07 16:37:17] INFO [liquibase.changelog] Reading from RSHB_SOFR_DEBUG.DATABASECHANGELOG
[2025-10-07 16:37:18] INFO [liquibase.lockservice] Successfully released change log lock
[2025-10-07 16:37:32] INFO [liquibase.lockservice] Successfully acquired change log lock
[2025-10-07 16:37:33] INFO [liquibase.changelog] Reading from RSHB_SOFR_DEBUG.DATABASECHANGELOG
[2025-10-07 16:37:34] INFO [liquibase.lockservice] Successfully released change log lock
[2025-10-08 15:33:35] INFO [liquibase.lockservice] Successfully acquired change log lock
[2025-10-08 15:33:36] INFO [liquibase.changelog] Reading from RSHB_SOFR_DEBUG.DATABASECHANGELOG
[2025-10-08 15:33:37] INFO [liquibase.lockservice] Successfully released change log lock
[2025-10-08 15:33:55] INFO [liquibase.lockservice] Successfully acquired change log lock
[2025-10-08 15:33:56] INFO [liquibase.changelog] Reading from RSHB_SOFR_DEBUG.DATABASECHANGELOG
[2025-10-08 15:33:57] INFO [liquibase.lockservice] Successfully released change log lock
[2025-10-09 17:47:03] INFO [liquibase.lockservice] Successfully acquired change log lock
[2025-10-09 17:47:04] INFO [liquibase.changelog] Reading from RSHB_SOFR_DEBUG.DATABASECHANGELOG
[2025-10-09 17:47:05] INFO [liquibase.lockservice] Successfully released change log lock
[2025-10-09 17:47:21] INFO [liquibase.lockservice] Successfully acquired change log lock
[2025-10-09 17:47:22] INFO [liquibase.changelog] Reading from RSHB_SOFR_DEBUG.DATABASECHANGELOG
[2025-10-09 17:47:23] INFO [liquibase.lockservice] Successfully released change log lock
[2025-10-15 14:35:35] INFO [liquibase.lockservice] Successfully acquired change log lock
[2025-10-15 14:35:36] INFO [liquibase.changelog] Reading from RSHB_SOFR_DEBUG.DATABASECHANGELOG
[2025-10-15 14:35:37] INFO [liquibase.lockservice] Successfully released change log lock
[2025-10-16 12:01:56] INFO [liquibase.lockservice] Successfully acquired change log lock
[2025-10-16 12:01:57] INFO [liquibase.changelog] Reading from RSHB_SOFR_DEBUG.DATABASECHANGELOG
[2025-10-16 12:01:58] INFO [liquibase.lockservice] Successfully released change log lock
[2025-10-16 17:11:06] INFO [liquibase.lockservice] Successfully acquired change log lock
[2025-10-16 17:11:07] INFO [liquibase.changelog] Reading from RSHB_SOFR_DEBUG.DATABASECHANGELOG
[2025-10-16 17:11:07] INFO [liquibase.changelog] SQL in file ./dbObjectsDistr/it_checklimitreport.pks executed
[2025-10-16 17:11:07] INFO [liquibase.changelog] ChangeSet dbObjectsDistr/dbobjectsdistr-changelog.xml::it_checklimitreport.pks::Loginov ran successfully in 79ms
[2025-10-16 17:11:08] INFO [liquibase.changelog] SQL in file ./dbObjectsDistr/it_checklimitreport.pkb executed
[2025-10-16 17:11:08] INFO [liquibase.changelog] ChangeSet dbObjectsDistr/dbobjectsdistr-changelog.xml::it_checklimitreport.pkb::Loginov ran successfully in 484ms
[2025-10-16 17:11:08] INFO [liquibase.lockservice] Successfully released change log lock
[2025-10-16 17:18:17] INFO [liquibase.lockservice] Successfully acquired change log lock
[2025-10-16 17:18:18] INFO [liquibase.changelog] Reading from RSHB_SOFR_DEBUG.DATABASECHANGELOG
[2025-10-16 17:18:19] INFO [liquibase.lockservice] Successfully released change log lock
[2025-10-16 17:18:19] SEVERE [liquibase.integration] ORA-00904: "PART_NUM": недопустимый идентификатор

liquibase.exception.CommandExecutionException: liquibase.exception.LiquibaseException: Unexpected error running Liquibase: Migration failed for change set 122/release-changelog.xml::122_BIQ-29457_create_dbdui_report_parts_dbt_tmp.sql::Loginov:
     Reason: liquibase.exception.DatabaseException: ORA-00904: "PART_NUM": недопустимый идентификатор
 [Failed SQL: (904) COMMENT ON COLUMN dbdui_sem03_file_dbt.part_num        IS 'Номер части']
	at liquibase.command.CommandScope.execute(CommandScope.java:163)
	at liquibase.integration.commandline.CommandRunner.call(CommandRunner.java:51)
	at liquibase.integration.commandline.CommandRunner.call(CommandRunner.java:21)
	at picocli.CommandLine.executeUserObject(CommandLine.java:1953)
	at picocli.CommandLine.access$1300(CommandLine.java:145)
	at picocli.CommandLine$RunLast.executeUserObjectOfLastSubcommandWithSameParent(CommandLine.java:2352)
	at picocli.CommandLine$RunLast.handle(CommandLine.java:2346)
	at picocli.CommandLine$RunLast.handle(CommandLine.java:2311)
	at picocli.CommandLine$AbstractParseResultHandler.execute(CommandLine.java:2179)
	at picocli.CommandLine.execute(CommandLine.java:2078)
	at liquibase.integration.commandline.LiquibaseCommandLine.lambda$execute$1(LiquibaseCommandLine.java:325)
	at liquibase.Scope.child(Scope.java:189)
	at liquibase.Scope.child(Scope.java:165)
	at liquibase.integration.commandline.LiquibaseCommandLine.execute(LiquibaseCommandLine.java:291)
	at liquibase.integration.commandline.LiquibaseCommandLine.main(LiquibaseCommandLine.java:80)
Caused by: liquibase.exception.LiquibaseException: Unexpected error running Liquibase: Migration failed for change set 122/release-changelog.xml::122_BIQ-29457_create_dbdui_report_parts_dbt_tmp.sql::Loginov:
     Reason: liquibase.exception.DatabaseException: ORA-00904: "PART_NUM": недопустимый идентификатор
 [Failed SQL: (904) COMMENT ON COLUMN dbdui_sem03_file_dbt.part_num        IS 'Номер части']
	at liquibase.integration.commandline.Main$1.run(Main.java:443)
	at liquibase.integration.commandline.Main$1.run(Main.java:221)
	at liquibase.Scope.child(Scope.java:189)
	at liquibase.Scope.child(Scope.java:165)
	at liquibase.integration.commandline.Main.run(Main.java:221)
	at liquibase.command.AbstractCliWrapperCommandStep.run(AbstractCliWrapperCommandStep.java:32)
	at liquibase.command.CommandScope.execute(CommandScope.java:157)
	... 14 more
Caused by: liquibase.exception.LiquibaseException: liquibase.exception.MigrationFailedException: Migration failed for change set 122/release-changelog.xml::122_BIQ-29457_create_dbdui_report_parts_dbt_tmp.sql::Loginov:
     Reason: liquibase.exception.DatabaseException: ORA-00904: "PART_NUM": недопустимый идентификатор
 [Failed SQL: (904) COMMENT ON COLUMN dbdui_sem03_file_dbt.part_num        IS 'Номер части']
	at liquibase.changelog.ChangeLogIterator.run(ChangeLogIterator.java:126)
	at liquibase.Liquibase.lambda$null$0(Liquibase.java:265)
	at liquibase.Scope.lambda$child$0(Scope.java:180)
	at liquibase.Scope.child(Scope.java:189)
	at liquibase.Scope.child(Scope.java:179)
	at liquibase.Scope.child(Scope.java:158)
	at liquibase.Scope.child(Scope.java:243)
	at liquibase.Liquibase.lambda$update$1(Liquibase.java:264)
	at liquibase.Scope.lambda$child$0(Scope.java:180)
	at liquibase.Scope.child(Scope.java:189)
	at liquibase.Scope.child(Scope.java:179)
	at liquibase.Scope.child(Scope.java:158)
	at liquibase.Liquibase.runInScope(Liquibase.java:2405)
	at liquibase.Liquibase.update(Liquibase.java:211)
	at liquibase.Liquibase.update(Liquibase.java:197)
	at liquibase.integration.commandline.Main.doMigration(Main.java:1870)
	at liquibase.integration.commandline.Main$1.lambda$run$0(Main.java:398)
	at liquibase.Scope.lambda$child$0(Scope.java:180)
	at liquibase.Scope.child(Scope.java:189)
	at liquibase.Scope.child(Scope.java:179)
	at liquibase.Scope.child(Scope.java:158)
	at liquibase.integration.commandline.Main$1.run(Main.java:397)
	... 20 more
Caused by: liquibase.exception.MigrationFailedException: Migration failed for change set 122/release-changelog.xml::122_BIQ-29457_create_dbdui_report_parts_dbt_tmp.sql::Loginov:
     Reason: liquibase.exception.DatabaseException: ORA-00904: "PART_NUM": недопустимый идентификатор
 [Failed SQL: (904) COMMENT ON COLUMN dbdui_sem03_file_dbt.part_num        IS 'Номер части']
	at liquibase.changelog.ChangeSet.execute(ChangeSet.java:696)
	at liquibase.changelog.visitor.UpdateVisitor.visit(UpdateVisitor.java:56)
	at liquibase.changelog.ChangeLogIterator$2.lambda$null$0(ChangeLogIterator.java:113)
	at liquibase.Scope.lambda$child$0(Scope.java:180)
	at liquibase.Scope.child(Scope.java:189)
	at liquibase.Scope.child(Scope.java:179)
	at liquibase.Scope.child(Scope.java:158)
	at liquibase.changelog.ChangeLogIterator$2.lambda$run$1(ChangeLogIterator.java:112)
	at liquibase.Scope.lambda$child$0(Scope.java:180)
	at liquibase.Scope.child(Scope.java:189)
	at liquibase.Scope.child(Scope.java:179)
	at liquibase.Scope.child(Scope.java:158)
	at liquibase.Scope.child(Scope.java:243)
	at liquibase.changelog.ChangeLogIterator$2.run(ChangeLogIterator.java:93)
	at liquibase.Scope.lambda$child$0(Scope.java:180)
	at liquibase.Scope.child(Scope.java:189)
	at liquibase.Scope.child(Scope.java:179)
	at liquibase.Scope.child(Scope.java:158)
	at liquibase.Scope.child(Scope.java:243)
	at liquibase.Scope.child(Scope.java:247)
	at liquibase.changelog.ChangeLogIterator.run(ChangeLogIterator.java:65)
	... 41 more
Caused by: liquibase.exception.DatabaseException: ORA-00904: "PART_NUM": недопустимый идентификатор
 [Failed SQL: (904) COMMENT ON COLUMN dbdui_sem03_file_dbt.part_num        IS 'Номер части']
	at liquibase.executor.jvm.JdbcExecutor$ExecuteStatementCallback.doInStatement(JdbcExecutor.java:397)
	at liquibase.executor.jvm.JdbcExecutor.execute(JdbcExecutor.java:83)
	at liquibase.executor.jvm.JdbcExecutor.execute(JdbcExecutor.java:151)
	at liquibase.database.AbstractJdbcDatabase.execute(AbstractJdbcDatabase.java:1279)
	at liquibase.database.AbstractJdbcDatabase.executeStatements(AbstractJdbcDatabase.java:1261)
	at liquibase.changelog.ChangeSet.execute(ChangeSet.java:661)
	... 61 more
Caused by: java.sql.SQLSyntaxErrorException: ORA-00904: "PART_NUM": недопустимый идентификатор

	at oracle.jdbc.driver.T4CTTIoer11.processError(T4CTTIoer11.java:494)
	at oracle.jdbc.driver.T4CTTIoer11.processError(T4CTTIoer11.java:446)
	at oracle.jdbc.driver.T4C8Oall.processError(T4C8Oall.java:1052)
	at oracle.jdbc.driver.T4CTTIfun.receive(T4CTTIfun.java:537)
	at oracle.jdbc.driver.T4CTTIfun.doRPC(T4CTTIfun.java:255)
	at oracle.jdbc.driver.T4C8Oall.doOALL(T4C8Oall.java:610)
	at oracle.jdbc.driver.T4CStatement.doOall8(T4CStatement.java:213)
	at oracle.jdbc.driver.T4CStatement.doOall8(T4CStatement.java:37)
	at oracle.jdbc.driver.T4CStatement.executeForRows(T4CStatement.java:887)
	at oracle.jdbc.driver.OracleStatement.doExecuteWithTimeout(OracleStatement.java:1136)
	at oracle.jdbc.driver.OracleStatement.executeInternal(OracleStatement.java:1754)
	at oracle.jdbc.driver.OracleStatement.execute(OracleStatement.java:1709)
	at oracle.jdbc.driver.OracleStatementWrapper.execute(OracleStatementWrapper.java:300)
	at liquibase.executor.jvm.JdbcExecutor$ExecuteStatementCallback.doInStatement(JdbcExecutor.java:393)
	... 66 more
Caused by: Error : 904, Position : 39, Sql = COMMENT ON COLUMN dbdui_sem03_file_dbt.part_num        IS 'Номер части', OriginalSql = COMMENT ON COLUMN dbdui_sem03_file_dbt.part_num        IS 'Номер части', Error Msg = ORA-00904: "PART_NUM": недопустимый идентификатор

	at oracle.jdbc.driver.T4CTTIoer11.processError(T4CTTIoer11.java:498)
	... 79 more

[2025-10-16 17:19:47] INFO [liquibase.lockservice] Successfully acquired change log lock
[2025-10-16 17:19:48] INFO [liquibase.changelog] Reading from RSHB_SOFR_DEBUG.DATABASECHANGELOG
[2025-10-16 17:19:49] INFO [liquibase.lockservice] Successfully released change log lock
[2025-10-16 17:19:49] SEVERE [liquibase.integration] ORA-00955: имя уже задействовано для существующего объекта

liquibase.exception.CommandExecutionException: liquibase.exception.LiquibaseException: Unexpected error running Liquibase: Migration failed for change set 122/release-changelog.xml::122_BIQ-29457_create_dbdui_report_parts_dbt_tmp.sql::Loginov:
     Reason: liquibase.exception.DatabaseException: ORA-00955: имя уже задействовано для существующего объекта
 [Failed SQL: (955) CREATE GLOBAL TEMPORARY TABLE dbdui_report_parts_dbt
(
    part_num  integer,
    json_part clob
) ON COMMIT PRESERVE ROWS]
	at liquibase.command.CommandScope.execute(CommandScope.java:163)
	at liquibase.integration.commandline.CommandRunner.call(CommandRunner.java:51)
	at liquibase.integration.commandline.CommandRunner.call(CommandRunner.java:21)
	at picocli.CommandLine.executeUserObject(CommandLine.java:1953)
	at picocli.CommandLine.access$1300(CommandLine.java:145)
	at picocli.CommandLine$RunLast.executeUserObjectOfLastSubcommandWithSameParent(CommandLine.java:2352)
	at picocli.CommandLine$RunLast.handle(CommandLine.java:2346)
	at picocli.CommandLine$RunLast.handle(CommandLine.java:2311)
	at picocli.CommandLine$AbstractParseResultHandler.execute(CommandLine.java:2179)
	at picocli.CommandLine.execute(CommandLine.java:2078)
	at liquibase.integration.commandline.LiquibaseCommandLine.lambda$execute$1(LiquibaseCommandLine.java:325)
	at liquibase.Scope.child(Scope.java:189)
	at liquibase.Scope.child(Scope.java:165)
	at liquibase.integration.commandline.LiquibaseCommandLine.execute(LiquibaseCommandLine.java:291)
	at liquibase.integration.commandline.LiquibaseCommandLine.main(LiquibaseCommandLine.java:80)
Caused by: liquibase.exception.LiquibaseException: Unexpected error running Liquibase: Migration failed for change set 122/release-changelog.xml::122_BIQ-29457_create_dbdui_report_parts_dbt_tmp.sql::Loginov:
     Reason: liquibase.exception.DatabaseException: ORA-00955: имя уже задействовано для существующего объекта
 [Failed SQL: (955) CREATE GLOBAL TEMPORARY TABLE dbdui_report_parts_dbt
(
    part_num  integer,
    json_part clob
) ON COMMIT PRESERVE ROWS]
	at liquibase.integration.commandline.Main$1.run(Main.java:443)
	at liquibase.integration.commandline.Main$1.run(Main.java:221)
	at liquibase.Scope.child(Scope.java:189)
	at liquibase.Scope.child(Scope.java:165)
	at liquibase.integration.commandline.Main.run(Main.java:221)
	at liquibase.command.AbstractCliWrapperCommandStep.run(AbstractCliWrapperCommandStep.java:32)
	at liquibase.command.CommandScope.execute(CommandScope.java:157)
	... 14 more
Caused by: liquibase.exception.LiquibaseException: liquibase.exception.MigrationFailedException: Migration failed for change set 122/release-changelog.xml::122_BIQ-29457_create_dbdui_report_parts_dbt_tmp.sql::Loginov:
     Reason: liquibase.exception.DatabaseException: ORA-00955: имя уже задействовано для существующего объекта
 [Failed SQL: (955) CREATE GLOBAL TEMPORARY TABLE dbdui_report_parts_dbt
(
    part_num  integer,
    json_part clob
) ON COMMIT PRESERVE ROWS]
	at liquibase.changelog.ChangeLogIterator.run(ChangeLogIterator.java:126)
	at liquibase.Liquibase.lambda$null$0(Liquibase.java:265)
	at liquibase.Scope.lambda$child$0(Scope.java:180)
	at liquibase.Scope.child(Scope.java:189)
	at liquibase.Scope.child(Scope.java:179)
	at liquibase.Scope.child(Scope.java:158)
	at liquibase.Scope.child(Scope.java:243)
	at liquibase.Liquibase.lambda$update$1(Liquibase.java:264)
	at liquibase.Scope.lambda$child$0(Scope.java:180)
	at liquibase.Scope.child(Scope.java:189)
	at liquibase.Scope.child(Scope.java:179)
	at liquibase.Scope.child(Scope.java:158)
	at liquibase.Liquibase.runInScope(Liquibase.java:2405)
	at liquibase.Liquibase.update(Liquibase.java:211)
	at liquibase.Liquibase.update(Liquibase.java:197)
	at liquibase.integration.commandline.Main.doMigration(Main.java:1870)
	at liquibase.integration.commandline.Main$1.lambda$run$0(Main.java:398)
	at liquibase.Scope.lambda$child$0(Scope.java:180)
	at liquibase.Scope.child(Scope.java:189)
	at liquibase.Scope.child(Scope.java:179)
	at liquibase.Scope.child(Scope.java:158)
	at liquibase.integration.commandline.Main$1.run(Main.java:397)
	... 20 more
Caused by: liquibase.exception.MigrationFailedException: Migration failed for change set 122/release-changelog.xml::122_BIQ-29457_create_dbdui_report_parts_dbt_tmp.sql::Loginov:
     Reason: liquibase.exception.DatabaseException: ORA-00955: имя уже задействовано для существующего объекта
 [Failed SQL: (955) CREATE GLOBAL TEMPORARY TABLE dbdui_report_parts_dbt
(
    part_num  integer,
    json_part clob
) ON COMMIT PRESERVE ROWS]
	at liquibase.changelog.ChangeSet.execute(ChangeSet.java:696)
	at liquibase.changelog.visitor.UpdateVisitor.visit(UpdateVisitor.java:56)
	at liquibase.changelog.ChangeLogIterator$2.lambda$null$0(ChangeLogIterator.java:113)
	at liquibase.Scope.lambda$child$0(Scope.java:180)
	at liquibase.Scope.child(Scope.java:189)
	at liquibase.Scope.child(Scope.java:179)
	at liquibase.Scope.child(Scope.java:158)
	at liquibase.changelog.ChangeLogIterator$2.lambda$run$1(ChangeLogIterator.java:112)
	at liquibase.Scope.lambda$child$0(Scope.java:180)
	at liquibase.Scope.child(Scope.java:189)
	at liquibase.Scope.child(Scope.java:179)
	at liquibase.Scope.child(Scope.java:158)
	at liquibase.Scope.child(Scope.java:243)
	at liquibase.changelog.ChangeLogIterator$2.run(ChangeLogIterator.java:93)
	at liquibase.Scope.lambda$child$0(Scope.java:180)
	at liquibase.Scope.child(Scope.java:189)
	at liquibase.Scope.child(Scope.java:179)
	at liquibase.Scope.child(Scope.java:158)
	at liquibase.Scope.child(Scope.java:243)
	at liquibase.Scope.child(Scope.java:247)
	at liquibase.changelog.ChangeLogIterator.run(ChangeLogIterator.java:65)
	... 41 more
Caused by: liquibase.exception.DatabaseException: ORA-00955: имя уже задействовано для существующего объекта
 [Failed SQL: (955) CREATE GLOBAL TEMPORARY TABLE dbdui_report_parts_dbt
(
    part_num  integer,
    json_part clob
) ON COMMIT PRESERVE ROWS]
	at liquibase.executor.jvm.JdbcExecutor$ExecuteStatementCallback.doInStatement(JdbcExecutor.java:397)
	at liquibase.executor.jvm.JdbcExecutor.execute(JdbcExecutor.java:83)
	at liquibase.executor.jvm.JdbcExecutor.execute(JdbcExecutor.java:151)
	at liquibase.database.AbstractJdbcDatabase.execute(AbstractJdbcDatabase.java:1279)
	at liquibase.database.AbstractJdbcDatabase.executeStatements(AbstractJdbcDatabase.java:1261)
	at liquibase.changelog.ChangeSet.execute(ChangeSet.java:661)
	... 61 more
Caused by: java.sql.SQLSyntaxErrorException: ORA-00955: имя уже задействовано для существующего объекта

	at oracle.jdbc.driver.T4CTTIoer11.processError(T4CTTIoer11.java:494)
	at oracle.jdbc.driver.T4CTTIoer11.processError(T4CTTIoer11.java:446)
	at oracle.jdbc.driver.T4C8Oall.processError(T4C8Oall.java:1052)
	at oracle.jdbc.driver.T4CTTIfun.receive(T4CTTIfun.java:537)
	at oracle.jdbc.driver.T4CTTIfun.doRPC(T4CTTIfun.java:255)
	at oracle.jdbc.driver.T4C8Oall.doOALL(T4C8Oall.java:610)
	at oracle.jdbc.driver.T4CStatement.doOall8(T4CStatement.java:213)
	at oracle.jdbc.driver.T4CStatement.doOall8(T4CStatement.java:37)
	at oracle.jdbc.driver.T4CStatement.executeForRows(T4CStatement.java:887)
	at oracle.jdbc.driver.OracleStatement.doExecuteWithTimeout(OracleStatement.java:1136)
	at oracle.jdbc.driver.OracleStatement.executeInternal(OracleStatement.java:1754)
	at oracle.jdbc.driver.OracleStatement.execute(OracleStatement.java:1709)
	at oracle.jdbc.driver.OracleStatementWrapper.execute(OracleStatementWrapper.java:300)
	at liquibase.executor.jvm.JdbcExecutor$ExecuteStatementCallback.doInStatement(JdbcExecutor.java:393)
	... 66 more
Caused by: Error : 955, Position : 30, Sql = CREATE GLOBAL TEMPORARY TABLE dbdui_report_parts_dbt
(
    part_num  integer,
    json_part clob
) ON COMMIT PRESERVE ROWS, OriginalSql = CREATE GLOBAL TEMPORARY TABLE dbdui_report_parts_dbt
(
    part_num  integer,
    json_part clob
) ON COMMIT PRESERVE ROWS, Error Msg = ORA-00955: имя уже задействовано для существующего объекта

	at oracle.jdbc.driver.T4CTTIoer11.processError(T4CTTIoer11.java:498)
	... 79 more

[2025-10-16 17:20:57] INFO [liquibase.lockservice] Successfully acquired change log lock
[2025-10-16 17:20:58] INFO [liquibase.changelog] Reading from RSHB_SOFR_DEBUG.DATABASECHANGELOG
[2025-10-16 17:20:59] INFO [liquibase.lockservice] Successfully released change log lock
[2025-10-16 17:20:59] SEVERE [liquibase.integration] ORA-00955: имя уже задействовано для существующего объекта

liquibase.exception.CommandExecutionException: liquibase.exception.LiquibaseException: Unexpected error running Liquibase: Migration failed for change set 122/release-changelog.xml::122_BIQ-29457_create_dbdui_report_parts_dbt_tmp.sql::Loginov:
     Reason: liquibase.exception.DatabaseException: ORA-00955: имя уже задействовано для существующего объекта
 [Failed SQL: (955) CREATE GLOBAL TEMPORARY TABLE dbdui_report_parts_dbt
(
    part_num  integer,
    json_part clob
) ON COMMIT PRESERVE ROWS]
	at liquibase.command.CommandScope.execute(CommandScope.java:163)
	at liquibase.integration.commandline.CommandRunner.call(CommandRunner.java:51)
	at liquibase.integration.commandline.CommandRunner.call(CommandRunner.java:21)
	at picocli.CommandLine.executeUserObject(CommandLine.java:1953)
	at picocli.CommandLine.access$1300(CommandLine.java:145)
	at picocli.CommandLine$RunLast.executeUserObjectOfLastSubcommandWithSameParent(CommandLine.java:2352)
	at picocli.CommandLine$RunLast.handle(CommandLine.java:2346)
	at picocli.CommandLine$RunLast.handle(CommandLine.java:2311)
	at picocli.CommandLine$AbstractParseResultHandler.execute(CommandLine.java:2179)
	at picocli.CommandLine.execute(CommandLine.java:2078)
	at liquibase.integration.commandline.LiquibaseCommandLine.lambda$execute$1(LiquibaseCommandLine.java:325)
	at liquibase.Scope.child(Scope.java:189)
	at liquibase.Scope.child(Scope.java:165)
	at liquibase.integration.commandline.LiquibaseCommandLine.execute(LiquibaseCommandLine.java:291)
	at liquibase.integration.commandline.LiquibaseCommandLine.main(LiquibaseCommandLine.java:80)
Caused by: liquibase.exception.LiquibaseException: Unexpected error running Liquibase: Migration failed for change set 122/release-changelog.xml::122_BIQ-29457_create_dbdui_report_parts_dbt_tmp.sql::Loginov:
     Reason: liquibase.exception.DatabaseException: ORA-00955: имя уже задействовано для существующего объекта
 [Failed SQL: (955) CREATE GLOBAL TEMPORARY TABLE dbdui_report_parts_dbt
(
    part_num  integer,
    json_part clob
) ON COMMIT PRESERVE ROWS]
	at liquibase.integration.commandline.Main$1.run(Main.java:443)
	at liquibase.integration.commandline.Main$1.run(Main.java:221)
	at liquibase.Scope.child(Scope.java:189)
	at liquibase.Scope.child(Scope.java:165)
	at liquibase.integration.commandline.Main.run(Main.java:221)
	at liquibase.command.AbstractCliWrapperCommandStep.run(AbstractCliWrapperCommandStep.java:32)
	at liquibase.command.CommandScope.execute(CommandScope.java:157)
	... 14 more
Caused by: liquibase.exception.LiquibaseException: liquibase.exception.MigrationFailedException: Migration failed for change set 122/release-changelog.xml::122_BIQ-29457_create_dbdui_report_parts_dbt_tmp.sql::Loginov:
     Reason: liquibase.exception.DatabaseException: ORA-00955: имя уже задействовано для существующего объекта
 [Failed SQL: (955) CREATE GLOBAL TEMPORARY TABLE dbdui_report_parts_dbt
(
    part_num  integer,
    json_part clob
) ON COMMIT PRESERVE ROWS]
	at liquibase.changelog.ChangeLogIterator.run(ChangeLogIterator.java:126)
	at liquibase.Liquibase.lambda$null$0(Liquibase.java:265)
	at liquibase.Scope.lambda$child$0(Scope.java:180)
	at liquibase.Scope.child(Scope.java:189)
	at liquibase.Scope.child(Scope.java:179)
	at liquibase.Scope.child(Scope.java:158)
	at liquibase.Scope.child(Scope.java:243)
	at liquibase.Liquibase.lambda$update$1(Liquibase.java:264)
	at liquibase.Scope.lambda$child$0(Scope.java:180)
	at liquibase.Scope.child(Scope.java:189)
	at liquibase.Scope.child(Scope.java:179)
	at liquibase.Scope.child(Scope.java:158)
	at liquibase.Liquibase.runInScope(Liquibase.java:2405)
	at liquibase.Liquibase.update(Liquibase.java:211)
	at liquibase.Liquibase.update(Liquibase.java:197)
	at liquibase.integration.commandline.Main.doMigration(Main.java:1870)
	at liquibase.integration.commandline.Main$1.lambda$run$0(Main.java:398)
	at liquibase.Scope.lambda$child$0(Scope.java:180)
	at liquibase.Scope.child(Scope.java:189)
	at liquibase.Scope.child(Scope.java:179)
	at liquibase.Scope.child(Scope.java:158)
	at liquibase.integration.commandline.Main$1.run(Main.java:397)
	... 20 more
Caused by: liquibase.exception.MigrationFailedException: Migration failed for change set 122/release-changelog.xml::122_BIQ-29457_create_dbdui_report_parts_dbt_tmp.sql::Loginov:
     Reason: liquibase.exception.DatabaseException: ORA-00955: имя уже задействовано для существующего объекта
 [Failed SQL: (955) CREATE GLOBAL TEMPORARY TABLE dbdui_report_parts_dbt
(
    part_num  integer,
    json_part clob
) ON COMMIT PRESERVE ROWS]
	at liquibase.changelog.ChangeSet.execute(ChangeSet.java:696)
	at liquibase.changelog.visitor.UpdateVisitor.visit(UpdateVisitor.java:56)
	at liquibase.changelog.ChangeLogIterator$2.lambda$null$0(ChangeLogIterator.java:113)
	at liquibase.Scope.lambda$child$0(Scope.java:180)
	at liquibase.Scope.child(Scope.java:189)
	at liquibase.Scope.child(Scope.java:179)
	at liquibase.Scope.child(Scope.java:158)
	at liquibase.changelog.ChangeLogIterator$2.lambda$run$1(ChangeLogIterator.java:112)
	at liquibase.Scope.lambda$child$0(Scope.java:180)
	at liquibase.Scope.child(Scope.java:189)
	at liquibase.Scope.child(Scope.java:179)
	at liquibase.Scope.child(Scope.java:158)
	at liquibase.Scope.child(Scope.java:243)
	at liquibase.changelog.ChangeLogIterator$2.run(ChangeLogIterator.java:93)
	at liquibase.Scope.lambda$child$0(Scope.java:180)
	at liquibase.Scope.child(Scope.java:189)
	at liquibase.Scope.child(Scope.java:179)
	at liquibase.Scope.child(Scope.java:158)
	at liquibase.Scope.child(Scope.java:243)
	at liquibase.Scope.child(Scope.java:247)
	at liquibase.changelog.ChangeLogIterator.run(ChangeLogIterator.java:65)
	... 41 more
Caused by: liquibase.exception.DatabaseException: ORA-00955: имя уже задействовано для существующего объекта
 [Failed SQL: (955) CREATE GLOBAL TEMPORARY TABLE dbdui_report_parts_dbt
(
    part_num  integer,
    json_part clob
) ON COMMIT PRESERVE ROWS]
	at liquibase.executor.jvm.JdbcExecutor$ExecuteStatementCallback.doInStatement(JdbcExecutor.java:397)
	at liquibase.executor.jvm.JdbcExecutor.execute(JdbcExecutor.java:83)
	at liquibase.executor.jvm.JdbcExecutor.execute(JdbcExecutor.java:151)
	at liquibase.database.AbstractJdbcDatabase.execute(AbstractJdbcDatabase.java:1279)
	at liquibase.database.AbstractJdbcDatabase.executeStatements(AbstractJdbcDatabase.java:1261)
	at liquibase.changelog.ChangeSet.execute(ChangeSet.java:661)
	... 61 more
Caused by: java.sql.SQLSyntaxErrorException: ORA-00955: имя уже задействовано для существующего объекта

	at oracle.jdbc.driver.T4CTTIoer11.processError(T4CTTIoer11.java:494)
	at oracle.jdbc.driver.T4CTTIoer11.processError(T4CTTIoer11.java:446)
	at oracle.jdbc.driver.T4C8Oall.processError(T4C8Oall.java:1052)
	at oracle.jdbc.driver.T4CTTIfun.receive(T4CTTIfun.java:537)
	at oracle.jdbc.driver.T4CTTIfun.doRPC(T4CTTIfun.java:255)
	at oracle.jdbc.driver.T4C8Oall.doOALL(T4C8Oall.java:610)
	at oracle.jdbc.driver.T4CStatement.doOall8(T4CStatement.java:213)
	at oracle.jdbc.driver.T4CStatement.doOall8(T4CStatement.java:37)
	at oracle.jdbc.driver.T4CStatement.executeForRows(T4CStatement.java:887)
	at oracle.jdbc.driver.OracleStatement.doExecuteWithTimeout(OracleStatement.java:1136)
	at oracle.jdbc.driver.OracleStatement.executeInternal(OracleStatement.java:1754)
	at oracle.jdbc.driver.OracleStatement.execute(OracleStatement.java:1709)
	at oracle.jdbc.driver.OracleStatementWrapper.execute(OracleStatementWrapper.java:300)
	at liquibase.executor.jvm.JdbcExecutor$ExecuteStatementCallback.doInStatement(JdbcExecutor.java:393)
	... 66 more
Caused by: Error : 955, Position : 30, Sql = CREATE GLOBAL TEMPORARY TABLE dbdui_report_parts_dbt
(
    part_num  integer,
    json_part clob
) ON COMMIT PRESERVE ROWS, OriginalSql = CREATE GLOBAL TEMPORARY TABLE dbdui_report_parts_dbt
(
    part_num  integer,
    json_part clob
) ON COMMIT PRESERVE ROWS, Error Msg = ORA-00955: имя уже задействовано для существующего объекта

	at oracle.jdbc.driver.T4CTTIoer11.processError(T4CTTIoer11.java:498)
	... 79 more

[2025-10-17 08:16:01] INFO [liquibase.lockservice] Successfully acquired change log lock
[2025-10-17 08:16:02] INFO [liquibase.changelog] Reading from RSHB_SOFR_DEBUG.DATABASECHANGELOG
[2025-10-17 08:16:03] INFO [liquibase.lockservice] Successfully released change log lock
[2025-10-17 08:16:03] SEVERE [liquibase.integration] ORA-00955: имя уже задействовано для существующего объекта

liquibase.exception.CommandExecutionException: liquibase.exception.LiquibaseException: Unexpected error running Liquibase: Migration failed for change set 122/release-changelog.xml::122_BIQ-29457_create_dbdui_report_parts_dbt_tmp.sql::Loginov:
     Reason: liquibase.exception.DatabaseException: ORA-00955: имя уже задействовано для существующего объекта
 [Failed SQL: (955) CREATE GLOBAL TEMPORARY TABLE dbdui_report_parts_dbt
(
    part_num  number,
    json_part clob
) ON COMMIT PRESERVE ROWS]
	at liquibase.command.CommandScope.execute(CommandScope.java:163)
	at liquibase.integration.commandline.CommandRunner.call(CommandRunner.java:51)
	at liquibase.integration.commandline.CommandRunner.call(CommandRunner.java:21)
	at picocli.CommandLine.executeUserObject(CommandLine.java:1953)
	at picocli.CommandLine.access$1300(CommandLine.java:145)
	at picocli.CommandLine$RunLast.executeUserObjectOfLastSubcommandWithSameParent(CommandLine.java:2352)
	at picocli.CommandLine$RunLast.handle(CommandLine.java:2346)
	at picocli.CommandLine$RunLast.handle(CommandLine.java:2311)
	at picocli.CommandLine$AbstractParseResultHandler.execute(CommandLine.java:2179)
	at picocli.CommandLine.execute(CommandLine.java:2078)
	at liquibase.integration.commandline.LiquibaseCommandLine.lambda$execute$1(LiquibaseCommandLine.java:325)
	at liquibase.Scope.child(Scope.java:189)
	at liquibase.Scope.child(Scope.java:165)
	at liquibase.integration.commandline.LiquibaseCommandLine.execute(LiquibaseCommandLine.java:291)
	at liquibase.integration.commandline.LiquibaseCommandLine.main(LiquibaseCommandLine.java:80)
Caused by: liquibase.exception.LiquibaseException: Unexpected error running Liquibase: Migration failed for change set 122/release-changelog.xml::122_BIQ-29457_create_dbdui_report_parts_dbt_tmp.sql::Loginov:
     Reason: liquibase.exception.DatabaseException: ORA-00955: имя уже задействовано для существующего объекта
 [Failed SQL: (955) CREATE GLOBAL TEMPORARY TABLE dbdui_report_parts_dbt
(
    part_num  number,
    json_part clob
) ON COMMIT PRESERVE ROWS]
	at liquibase.integration.commandline.Main$1.run(Main.java:443)
	at liquibase.integration.commandline.Main$1.run(Main.java:221)
	at liquibase.Scope.child(Scope.java:189)
	at liquibase.Scope.child(Scope.java:165)
	at liquibase.integration.commandline.Main.run(Main.java:221)
	at liquibase.command.AbstractCliWrapperCommandStep.run(AbstractCliWrapperCommandStep.java:32)
	at liquibase.command.CommandScope.execute(CommandScope.java:157)
	... 14 more
Caused by: liquibase.exception.LiquibaseException: liquibase.exception.MigrationFailedException: Migration failed for change set 122/release-changelog.xml::122_BIQ-29457_create_dbdui_report_parts_dbt_tmp.sql::Loginov:
     Reason: liquibase.exception.DatabaseException: ORA-00955: имя уже задействовано для существующего объекта
 [Failed SQL: (955) CREATE GLOBAL TEMPORARY TABLE dbdui_report_parts_dbt
(
    part_num  number,
    json_part clob
) ON COMMIT PRESERVE ROWS]
	at liquibase.changelog.ChangeLogIterator.run(ChangeLogIterator.java:126)
	at liquibase.Liquibase.lambda$null$0(Liquibase.java:265)
	at liquibase.Scope.lambda$child$0(Scope.java:180)
	at liquibase.Scope.child(Scope.java:189)
	at liquibase.Scope.child(Scope.java:179)
	at liquibase.Scope.child(Scope.java:158)
	at liquibase.Scope.child(Scope.java:243)
	at liquibase.Liquibase.lambda$update$1(Liquibase.java:264)
	at liquibase.Scope.lambda$child$0(Scope.java:180)
	at liquibase.Scope.child(Scope.java:189)
	at liquibase.Scope.child(Scope.java:179)
	at liquibase.Scope.child(Scope.java:158)
	at liquibase.Liquibase.runInScope(Liquibase.java:2405)
	at liquibase.Liquibase.update(Liquibase.java:211)
	at liquibase.Liquibase.update(Liquibase.java:197)
	at liquibase.integration.commandline.Main.doMigration(Main.java:1870)
	at liquibase.integration.commandline.Main$1.lambda$run$0(Main.java:398)
	at liquibase.Scope.lambda$child$0(Scope.java:180)
	at liquibase.Scope.child(Scope.java:189)
	at liquibase.Scope.child(Scope.java:179)
	at liquibase.Scope.child(Scope.java:158)
	at liquibase.integration.commandline.Main$1.run(Main.java:397)
	... 20 more
Caused by: liquibase.exception.MigrationFailedException: Migration failed for change set 122/release-changelog.xml::122_BIQ-29457_create_dbdui_report_parts_dbt_tmp.sql::Loginov:
     Reason: liquibase.exception.DatabaseException: ORA-00955: имя уже задействовано для существующего объекта
 [Failed SQL: (955) CREATE GLOBAL TEMPORARY TABLE dbdui_report_parts_dbt
(
    part_num  number,
    json_part clob
) ON COMMIT PRESERVE ROWS]
	at liquibase.changelog.ChangeSet.execute(ChangeSet.java:696)
	at liquibase.changelog.visitor.UpdateVisitor.visit(UpdateVisitor.java:56)
	at liquibase.changelog.ChangeLogIterator$2.lambda$null$0(ChangeLogIterator.java:113)
	at liquibase.Scope.lambda$child$0(Scope.java:180)
	at liquibase.Scope.child(Scope.java:189)
	at liquibase.Scope.child(Scope.java:179)
	at liquibase.Scope.child(Scope.java:158)
	at liquibase.changelog.ChangeLogIterator$2.lambda$run$1(ChangeLogIterator.java:112)
	at liquibase.Scope.lambda$child$0(Scope.java:180)
	at liquibase.Scope.child(Scope.java:189)
	at liquibase.Scope.child(Scope.java:179)
	at liquibase.Scope.child(Scope.java:158)
	at liquibase.Scope.child(Scope.java:243)
	at liquibase.changelog.ChangeLogIterator$2.run(ChangeLogIterator.java:93)
	at liquibase.Scope.lambda$child$0(Scope.java:180)
	at liquibase.Scope.child(Scope.java:189)
	at liquibase.Scope.child(Scope.java:179)
	at liquibase.Scope.child(Scope.java:158)
	at liquibase.Scope.child(Scope.java:243)
	at liquibase.Scope.child(Scope.java:247)
	at liquibase.changelog.ChangeLogIterator.run(ChangeLogIterator.java:65)
	... 41 more
Caused by: liquibase.exception.DatabaseException: ORA-00955: имя уже задействовано для существующего объекта
 [Failed SQL: (955) CREATE GLOBAL TEMPORARY TABLE dbdui_report_parts_dbt
(
    part_num  number,
    json_part clob
) ON COMMIT PRESERVE ROWS]
	at liquibase.executor.jvm.JdbcExecutor$ExecuteStatementCallback.doInStatement(JdbcExecutor.java:397)
	at liquibase.executor.jvm.JdbcExecutor.execute(JdbcExecutor.java:83)
	at liquibase.executor.jvm.JdbcExecutor.execute(JdbcExecutor.java:151)
	at liquibase.database.AbstractJdbcDatabase.execute(AbstractJdbcDatabase.java:1279)
	at liquibase.database.AbstractJdbcDatabase.executeStatements(AbstractJdbcDatabase.java:1261)
	at liquibase.changelog.ChangeSet.execute(ChangeSet.java:661)
	... 61 more
Caused by: java.sql.SQLSyntaxErrorException: ORA-00955: имя уже задействовано для существующего объекта

	at oracle.jdbc.driver.T4CTTIoer11.processError(T4CTTIoer11.java:494)
	at oracle.jdbc.driver.T4CTTIoer11.processError(T4CTTIoer11.java:446)
	at oracle.jdbc.driver.T4C8Oall.processError(T4C8Oall.java:1052)
	at oracle.jdbc.driver.T4CTTIfun.receive(T4CTTIfun.java:537)
	at oracle.jdbc.driver.T4CTTIfun.doRPC(T4CTTIfun.java:255)
	at oracle.jdbc.driver.T4C8Oall.doOALL(T4C8Oall.java:610)
	at oracle.jdbc.driver.T4CStatement.doOall8(T4CStatement.java:213)
	at oracle.jdbc.driver.T4CStatement.doOall8(T4CStatement.java:37)
	at oracle.jdbc.driver.T4CStatement.executeForRows(T4CStatement.java:887)
	at oracle.jdbc.driver.OracleStatement.doExecuteWithTimeout(OracleStatement.java:1136)
	at oracle.jdbc.driver.OracleStatement.executeInternal(OracleStatement.java:1754)
	at oracle.jdbc.driver.OracleStatement.execute(OracleStatement.java:1709)
	at oracle.jdbc.driver.OracleStatementWrapper.execute(OracleStatementWrapper.java:300)
	at liquibase.executor.jvm.JdbcExecutor$ExecuteStatementCallback.doInStatement(JdbcExecutor.java:393)
	... 66 more
Caused by: Error : 955, Position : 30, Sql = CREATE GLOBAL TEMPORARY TABLE dbdui_report_parts_dbt
(
    part_num  number,
    json_part clob
) ON COMMIT PRESERVE ROWS, OriginalSql = CREATE GLOBAL TEMPORARY TABLE dbdui_report_parts_dbt
(
    part_num  number,
    json_part clob
) ON COMMIT PRESERVE ROWS, Error Msg = ORA-00955: имя уже задействовано для существующего объекта

	at oracle.jdbc.driver.T4CTTIoer11.processError(T4CTTIoer11.java:498)
	... 79 more

[2025-10-17 10:07:18] INFO [liquibase.lockservice] Successfully acquired change log lock
[2025-10-17 10:07:19] INFO [liquibase.changelog] Reading from RSHB_SOFR_DEBUG.DATABASECHANGELOG
[2025-10-17 10:07:20] INFO [liquibase.lockservice] Successfully released change log lock
[2025-10-17 10:07:20] SEVERE [liquibase.integration] ORA-00955: имя уже задействовано для существующего объекта

liquibase.exception.CommandExecutionException: liquibase.exception.LiquibaseException: Unexpected error running Liquibase: Migration failed for change set 122/release-changelog.xml::122_BIQ-29457_create_dbdui_report_parts_dbt_tmp.sql::Loginov:
     Reason: liquibase.exception.DatabaseException: ORA-00955: имя уже задействовано для существующего объекта
 [Failed SQL: (955) CREATE GLOBAL TEMPORARY TABLE dbdui_report_parts_dbt
(
    part_num  number,
    json_part clob
) ON COMMIT PRESERVE ROWS]
	at liquibase.command.CommandScope.execute(CommandScope.java:163)
	at liquibase.integration.commandline.CommandRunner.call(CommandRunner.java:51)
	at liquibase.integration.commandline.CommandRunner.call(CommandRunner.java:21)
	at picocli.CommandLine.executeUserObject(CommandLine.java:1953)
	at picocli.CommandLine.access$1300(CommandLine.java:145)
	at picocli.CommandLine$RunLast.executeUserObjectOfLastSubcommandWithSameParent(CommandLine.java:2352)
	at picocli.CommandLine$RunLast.handle(CommandLine.java:2346)
	at picocli.CommandLine$RunLast.handle(CommandLine.java:2311)
	at picocli.CommandLine$AbstractParseResultHandler.execute(CommandLine.java:2179)
	at picocli.CommandLine.execute(CommandLine.java:2078)
	at liquibase.integration.commandline.LiquibaseCommandLine.lambda$execute$1(LiquibaseCommandLine.java:325)
	at liquibase.Scope.child(Scope.java:189)
	at liquibase.Scope.child(Scope.java:165)
	at liquibase.integration.commandline.LiquibaseCommandLine.execute(LiquibaseCommandLine.java:291)
	at liquibase.integration.commandline.LiquibaseCommandLine.main(LiquibaseCommandLine.java:80)
Caused by: liquibase.exception.LiquibaseException: Unexpected error running Liquibase: Migration failed for change set 122/release-changelog.xml::122_BIQ-29457_create_dbdui_report_parts_dbt_tmp.sql::Loginov:
     Reason: liquibase.exception.DatabaseException: ORA-00955: имя уже задействовано для существующего объекта
 [Failed SQL: (955) CREATE GLOBAL TEMPORARY TABLE dbdui_report_parts_dbt
(
    part_num  number,
    json_part clob
) ON COMMIT PRESERVE ROWS]
	at liquibase.integration.commandline.Main$1.run(Main.java:443)
	at liquibase.integration.commandline.Main$1.run(Main.java:221)
	at liquibase.Scope.child(Scope.java:189)
	at liquibase.Scope.child(Scope.java:165)
	at liquibase.integration.commandline.Main.run(Main.java:221)
	at liquibase.command.AbstractCliWrapperCommandStep.run(AbstractCliWrapperCommandStep.java:32)
	at liquibase.command.CommandScope.execute(CommandScope.java:157)
	... 14 more
Caused by: liquibase.exception.LiquibaseException: liquibase.exception.MigrationFailedException: Migration failed for change set 122/release-changelog.xml::122_BIQ-29457_create_dbdui_report_parts_dbt_tmp.sql::Loginov:
     Reason: liquibase.exception.DatabaseException: ORA-00955: имя уже задействовано для существующего объекта
 [Failed SQL: (955) CREATE GLOBAL TEMPORARY TABLE dbdui_report_parts_dbt
(
    part_num  number,
    json_part clob
) ON COMMIT PRESERVE ROWS]
	at liquibase.changelog.ChangeLogIterator.run(ChangeLogIterator.java:126)
	at liquibase.Liquibase.lambda$null$0(Liquibase.java:265)
	at liquibase.Scope.lambda$child$0(Scope.java:180)
	at liquibase.Scope.child(Scope.java:189)
	at liquibase.Scope.child(Scope.java:179)
	at liquibase.Scope.child(Scope.java:158)
	at liquibase.Scope.child(Scope.java:243)
	at liquibase.Liquibase.lambda$update$1(Liquibase.java:264)
	at liquibase.Scope.lambda$child$0(Scope.java:180)
	at liquibase.Scope.child(Scope.java:189)
	at liquibase.Scope.child(Scope.java:179)
	at liquibase.Scope.child(Scope.java:158)
	at liquibase.Liquibase.runInScope(Liquibase.java:2405)
	at liquibase.Liquibase.update(Liquibase.java:211)
	at liquibase.Liquibase.update(Liquibase.java:197)
	at liquibase.integration.commandline.Main.doMigration(Main.java:1870)
	at liquibase.integration.commandline.Main$1.lambda$run$0(Main.java:398)
	at liquibase.Scope.lambda$child$0(Scope.java:180)
	at liquibase.Scope.child(Scope.java:189)
	at liquibase.Scope.child(Scope.java:179)
	at liquibase.Scope.child(Scope.java:158)
	at liquibase.integration.commandline.Main$1.run(Main.java:397)
	... 20 more
Caused by: liquibase.exception.MigrationFailedException: Migration failed for change set 122/release-changelog.xml::122_BIQ-29457_create_dbdui_report_parts_dbt_tmp.sql::Loginov:
     Reason: liquibase.exception.DatabaseException: ORA-00955: имя уже задействовано для существующего объекта
 [Failed SQL: (955) CREATE GLOBAL TEMPORARY TABLE dbdui_report_parts_dbt
(
    part_num  number,
    json_part clob
) ON COMMIT PRESERVE ROWS]
	at liquibase.changelog.ChangeSet.execute(ChangeSet.java:696)
	at liquibase.changelog.visitor.UpdateVisitor.visit(UpdateVisitor.java:56)
	at liquibase.changelog.ChangeLogIterator$2.lambda$null$0(ChangeLogIterator.java:113)
	at liquibase.Scope.lambda$child$0(Scope.java:180)
	at liquibase.Scope.child(Scope.java:189)
	at liquibase.Scope.child(Scope.java:179)
	at liquibase.Scope.child(Scope.java:158)
	at liquibase.changelog.ChangeLogIterator$2.lambda$run$1(ChangeLogIterator.java:112)
	at liquibase.Scope.lambda$child$0(Scope.java:180)
	at liquibase.Scope.child(Scope.java:189)
	at liquibase.Scope.child(Scope.java:179)
	at liquibase.Scope.child(Scope.java:158)
	at liquibase.Scope.child(Scope.java:243)
	at liquibase.changelog.ChangeLogIterator$2.run(ChangeLogIterator.java:93)
	at liquibase.Scope.lambda$child$0(Scope.java:180)
	at liquibase.Scope.child(Scope.java:189)
	at liquibase.Scope.child(Scope.java:179)
	at liquibase.Scope.child(Scope.java:158)
	at liquibase.Scope.child(Scope.java:243)
	at liquibase.Scope.child(Scope.java:247)
	at liquibase.changelog.ChangeLogIterator.run(ChangeLogIterator.java:65)
	... 41 more
Caused by: liquibase.exception.DatabaseException: ORA-00955: имя уже задействовано для существующего объекта
 [Failed SQL: (955) CREATE GLOBAL TEMPORARY TABLE dbdui_report_parts_dbt
(
    part_num  number,
    json_part clob
) ON COMMIT PRESERVE ROWS]
	at liquibase.executor.jvm.JdbcExecutor$ExecuteStatementCallback.doInStatement(JdbcExecutor.java:397)
	at liquibase.executor.jvm.JdbcExecutor.execute(JdbcExecutor.java:83)
	at liquibase.executor.jvm.JdbcExecutor.execute(JdbcExecutor.java:151)
	at liquibase.database.AbstractJdbcDatabase.execute(AbstractJdbcDatabase.java:1279)
	at liquibase.database.AbstractJdbcDatabase.executeStatements(AbstractJdbcDatabase.java:1261)
	at liquibase.changelog.ChangeSet.execute(ChangeSet.java:661)
	... 61 more
Caused by: java.sql.SQLSyntaxErrorException: ORA-00955: имя уже задействовано для существующего объекта

	at oracle.jdbc.driver.T4CTTIoer11.processError(T4CTTIoer11.java:494)
	at oracle.jdbc.driver.T4CTTIoer11.processError(T4CTTIoer11.java:446)
	at oracle.jdbc.driver.T4C8Oall.processError(T4C8Oall.java:1052)
	at oracle.jdbc.driver.T4CTTIfun.receive(T4CTTIfun.java:537)
	at oracle.jdbc.driver.T4CTTIfun.doRPC(T4CTTIfun.java:255)
	at oracle.jdbc.driver.T4C8Oall.doOALL(T4C8Oall.java:610)
	at oracle.jdbc.driver.T4CStatement.doOall8(T4CStatement.java:213)
	at oracle.jdbc.driver.T4CStatement.doOall8(T4CStatement.java:37)
	at oracle.jdbc.driver.T4CStatement.executeForRows(T4CStatement.java:887)
	at oracle.jdbc.driver.OracleStatement.doExecuteWithTimeout(OracleStatement.java:1136)
	at oracle.jdbc.driver.OracleStatement.executeInternal(OracleStatement.java:1754)
	at oracle.jdbc.driver.OracleStatement.execute(OracleStatement.java:1709)
	at oracle.jdbc.driver.OracleStatementWrapper.execute(OracleStatementWrapper.java:300)
	at liquibase.executor.jvm.JdbcExecutor$ExecuteStatementCallback.doInStatement(JdbcExecutor.java:393)
	... 66 more
Caused by: Error : 955, Position : 30, Sql = CREATE GLOBAL TEMPORARY TABLE dbdui_report_parts_dbt
(
    part_num  number,
    json_part clob
) ON COMMIT PRESERVE ROWS, OriginalSql = CREATE GLOBAL TEMPORARY TABLE dbdui_report_parts_dbt
(
    part_num  number,
    json_part clob
) ON COMMIT PRESERVE ROWS, Error Msg = ORA-00955: имя уже задействовано для существующего объекта

	at oracle.jdbc.driver.T4CTTIoer11.processError(T4CTTIoer11.java:498)
	... 79 more

[2025-10-17 10:43:09] INFO [liquibase.lockservice] Successfully acquired change log lock
[2025-10-17 10:43:10] INFO [liquibase.changelog] Reading from RSHB_SOFR_DEBUG.DATABASECHANGELOG
[2025-10-17 10:43:11] INFO [liquibase.lockservice] Successfully released change log lock
[2025-10-17 10:43:11] SEVERE [liquibase.integration] ORA-00955: имя уже задействовано для существующего объекта

liquibase.exception.CommandExecutionException: liquibase.exception.LiquibaseException: Unexpected error running Liquibase: Migration failed for change set 122/release-changelog.xml::122_BIQ-29457_create_dbdui_report_parts_dbt_tmp.sql::Loginov:
     Reason: liquibase.exception.DatabaseException: ORA-00955: имя уже задействовано для существующего объекта
 [Failed SQL: (955) CREATE GLOBAL TEMPORARY TABLE dbdui_report_parts_dbt
(
    part_num  number,
    json_part clob
) ON COMMIT PRESERVE ROWS]
	at liquibase.command.CommandScope.execute(CommandScope.java:163)
	at liquibase.integration.commandline.CommandRunner.call(CommandRunner.java:51)
	at liquibase.integration.commandline.CommandRunner.call(CommandRunner.java:21)
	at picocli.CommandLine.executeUserObject(CommandLine.java:1953)
	at picocli.CommandLine.access$1300(CommandLine.java:145)
	at picocli.CommandLine$RunLast.executeUserObjectOfLastSubcommandWithSameParent(CommandLine.java:2352)
	at picocli.CommandLine$RunLast.handle(CommandLine.java:2346)
	at picocli.CommandLine$RunLast.handle(CommandLine.java:2311)
	at picocli.CommandLine$AbstractParseResultHandler.execute(CommandLine.java:2179)
	at picocli.CommandLine.execute(CommandLine.java:2078)
	at liquibase.integration.commandline.LiquibaseCommandLine.lambda$execute$1(LiquibaseCommandLine.java:325)
	at liquibase.Scope.child(Scope.java:189)
	at liquibase.Scope.child(Scope.java:165)
	at liquibase.integration.commandline.LiquibaseCommandLine.execute(LiquibaseCommandLine.java:291)
	at liquibase.integration.commandline.LiquibaseCommandLine.main(LiquibaseCommandLine.java:80)
Caused by: liquibase.exception.LiquibaseException: Unexpected error running Liquibase: Migration failed for change set 122/release-changelog.xml::122_BIQ-29457_create_dbdui_report_parts_dbt_tmp.sql::Loginov:
     Reason: liquibase.exception.DatabaseException: ORA-00955: имя уже задействовано для существующего объекта
 [Failed SQL: (955) CREATE GLOBAL TEMPORARY TABLE dbdui_report_parts_dbt
(
    part_num  number,
    json_part clob
) ON COMMIT PRESERVE ROWS]
	at liquibase.integration.commandline.Main$1.run(Main.java:443)
	at liquibase.integration.commandline.Main$1.run(Main.java:221)
	at liquibase.Scope.child(Scope.java:189)
	at liquibase.Scope.child(Scope.java:165)
	at liquibase.integration.commandline.Main.run(Main.java:221)
	at liquibase.command.AbstractCliWrapperCommandStep.run(AbstractCliWrapperCommandStep.java:32)
	at liquibase.command.CommandScope.execute(CommandScope.java:157)
	... 14 more
Caused by: liquibase.exception.LiquibaseException: liquibase.exception.MigrationFailedException: Migration failed for change set 122/release-changelog.xml::122_BIQ-29457_create_dbdui_report_parts_dbt_tmp.sql::Loginov:
     Reason: liquibase.exception.DatabaseException: ORA-00955: имя уже задействовано для существующего объекта
 [Failed SQL: (955) CREATE GLOBAL TEMPORARY TABLE dbdui_report_parts_dbt
(
    part_num  number,
    json_part clob
) ON COMMIT PRESERVE ROWS]
	at liquibase.changelog.ChangeLogIterator.run(ChangeLogIterator.java:126)
	at liquibase.Liquibase.lambda$null$0(Liquibase.java:265)
	at liquibase.Scope.lambda$child$0(Scope.java:180)
	at liquibase.Scope.child(Scope.java:189)
	at liquibase.Scope.child(Scope.java:179)
	at liquibase.Scope.child(Scope.java:158)
	at liquibase.Scope.child(Scope.java:243)
	at liquibase.Liquibase.lambda$update$1(Liquibase.java:264)
	at liquibase.Scope.lambda$child$0(Scope.java:180)
	at liquibase.Scope.child(Scope.java:189)
	at liquibase.Scope.child(Scope.java:179)
	at liquibase.Scope.child(Scope.java:158)
	at liquibase.Liquibase.runInScope(Liquibase.java:2405)
	at liquibase.Liquibase.update(Liquibase.java:211)
	at liquibase.Liquibase.update(Liquibase.java:197)
	at liquibase.integration.commandline.Main.doMigration(Main.java:1870)
	at liquibase.integration.commandline.Main$1.lambda$run$0(Main.java:398)
	at liquibase.Scope.lambda$child$0(Scope.java:180)
	at liquibase.Scope.child(Scope.java:189)
	at liquibase.Scope.child(Scope.java:179)
	at liquibase.Scope.child(Scope.java:158)
	at liquibase.integration.commandline.Main$1.run(Main.java:397)
	... 20 more
Caused by: liquibase.exception.MigrationFailedException: Migration failed for change set 122/release-changelog.xml::122_BIQ-29457_create_dbdui_report_parts_dbt_tmp.sql::Loginov:
     Reason: liquibase.exception.DatabaseException: ORA-00955: имя уже задействовано для существующего объекта
 [Failed SQL: (955) CREATE GLOBAL TEMPORARY TABLE dbdui_report_parts_dbt
(
    part_num  number,
    json_part clob
) ON COMMIT PRESERVE ROWS]
	at liquibase.changelog.ChangeSet.execute(ChangeSet.java:696)
	at liquibase.changelog.visitor.UpdateVisitor.visit(UpdateVisitor.java:56)
	at liquibase.changelog.ChangeLogIterator$2.lambda$null$0(ChangeLogIterator.java:113)
	at liquibase.Scope.lambda$child$0(Scope.java:180)
	at liquibase.Scope.child(Scope.java:189)
	at liquibase.Scope.child(Scope.java:179)
	at liquibase.Scope.child(Scope.java:158)
	at liquibase.changelog.ChangeLogIterator$2.lambda$run$1(ChangeLogIterator.java:112)
	at liquibase.Scope.lambda$child$0(Scope.java:180)
	at liquibase.Scope.child(Scope.java:189)
	at liquibase.Scope.child(Scope.java:179)
	at liquibase.Scope.child(Scope.java:158)
	at liquibase.Scope.child(Scope.java:243)
	at liquibase.changelog.ChangeLogIterator$2.run(ChangeLogIterator.java:93)
	at liquibase.Scope.lambda$child$0(Scope.java:180)
	at liquibase.Scope.child(Scope.java:189)
	at liquibase.Scope.child(Scope.java:179)
	at liquibase.Scope.child(Scope.java:158)
	at liquibase.Scope.child(Scope.java:243)
	at liquibase.Scope.child(Scope.java:247)
	at liquibase.changelog.ChangeLogIterator.run(ChangeLogIterator.java:65)
	... 41 more
Caused by: liquibase.exception.DatabaseException: ORA-00955: имя уже задействовано для существующего объекта
 [Failed SQL: (955) CREATE GLOBAL TEMPORARY TABLE dbdui_report_parts_dbt
(
    part_num  number,
    json_part clob
) ON COMMIT PRESERVE ROWS]
	at liquibase.executor.jvm.JdbcExecutor$ExecuteStatementCallback.doInStatement(JdbcExecutor.java:397)
	at liquibase.executor.jvm.JdbcExecutor.execute(JdbcExecutor.java:83)
	at liquibase.executor.jvm.JdbcExecutor.execute(JdbcExecutor.java:151)
	at liquibase.database.AbstractJdbcDatabase.execute(AbstractJdbcDatabase.java:1279)
	at liquibase.database.AbstractJdbcDatabase.executeStatements(AbstractJdbcDatabase.java:1261)
	at liquibase.changelog.ChangeSet.execute(ChangeSet.java:661)
	... 61 more
Caused by: java.sql.SQLSyntaxErrorException: ORA-00955: имя уже задействовано для существующего объекта

	at oracle.jdbc.driver.T4CTTIoer11.processError(T4CTTIoer11.java:494)
	at oracle.jdbc.driver.T4CTTIoer11.processError(T4CTTIoer11.java:446)
	at oracle.jdbc.driver.T4C8Oall.processError(T4C8Oall.java:1052)
	at oracle.jdbc.driver.T4CTTIfun.receive(T4CTTIfun.java:537)
	at oracle.jdbc.driver.T4CTTIfun.doRPC(T4CTTIfun.java:255)
	at oracle.jdbc.driver.T4C8Oall.doOALL(T4C8Oall.java:610)
	at oracle.jdbc.driver.T4CStatement.doOall8(T4CStatement.java:213)
	at oracle.jdbc.driver.T4CStatement.doOall8(T4CStatement.java:37)
	at oracle.jdbc.driver.T4CStatement.executeForRows(T4CStatement.java:887)
	at oracle.jdbc.driver.OracleStatement.doExecuteWithTimeout(OracleStatement.java:1136)
	at oracle.jdbc.driver.OracleStatement.executeInternal(OracleStatement.java:1754)
	at oracle.jdbc.driver.OracleStatement.execute(OracleStatement.java:1709)
	at oracle.jdbc.driver.OracleStatementWrapper.execute(OracleStatementWrapper.java:300)
	at liquibase.executor.jvm.JdbcExecutor$ExecuteStatementCallback.doInStatement(JdbcExecutor.java:393)
	... 66 more
Caused by: Error : 955, Position : 30, Sql = CREATE GLOBAL TEMPORARY TABLE dbdui_report_parts_dbt
(
    part_num  number,
    json_part clob
) ON COMMIT PRESERVE ROWS, OriginalSql = CREATE GLOBAL TEMPORARY TABLE dbdui_report_parts_dbt
(
    part_num  number,
    json_part clob
) ON COMMIT PRESERVE ROWS, Error Msg = ORA-00955: имя уже задействовано для существующего объекта

	at oracle.jdbc.driver.T4CTTIoer11.processError(T4CTTIoer11.java:498)
	... 79 more

[2025-10-17 10:44:00] INFO [liquibase.lockservice] Successfully acquired change log lock
[2025-10-17 10:44:00] INFO [liquibase.changelog] Reading from RSHB_SOFR_DEBUG.DATABASECHANGELOG
[2025-10-17 10:44:01] INFO [liquibase.lockservice] Successfully released change log lock
[2025-10-17 10:44:01] SEVERE [liquibase.integration] ORA-00955: имя уже задействовано для существующего объекта

liquibase.exception.CommandExecutionException: liquibase.exception.LiquibaseException: Unexpected error running Liquibase: Migration failed for change set 122/release-changelog.xml::122_BIQ-29457_create_dbdui_report_parts_dbt_tmp.sql::Loginov:
     Reason: liquibase.exception.DatabaseException: ORA-00955: имя уже задействовано для существующего объекта
 [Failed SQL: (955) CREATE GLOBAL TEMPORARY TABLE dbdui_report_parts_dbt
(
    part_num  number,
    json_part clob
) ON COMMIT PRESERVE ROWS]
	at liquibase.command.CommandScope.execute(CommandScope.java:163)
	at liquibase.integration.commandline.CommandRunner.call(CommandRunner.java:51)
	at liquibase.integration.commandline.CommandRunner.call(CommandRunner.java:21)
	at picocli.CommandLine.executeUserObject(CommandLine.java:1953)
	at picocli.CommandLine.access$1300(CommandLine.java:145)
	at picocli.CommandLine$RunLast.executeUserObjectOfLastSubcommandWithSameParent(CommandLine.java:2352)
	at picocli.CommandLine$RunLast.handle(CommandLine.java:2346)
	at picocli.CommandLine$RunLast.handle(CommandLine.java:2311)
	at picocli.CommandLine$AbstractParseResultHandler.execute(CommandLine.java:2179)
	at picocli.CommandLine.execute(CommandLine.java:2078)
	at liquibase.integration.commandline.LiquibaseCommandLine.lambda$execute$1(LiquibaseCommandLine.java:325)
	at liquibase.Scope.child(Scope.java:189)
	at liquibase.Scope.child(Scope.java:165)
	at liquibase.integration.commandline.LiquibaseCommandLine.execute(LiquibaseCommandLine.java:291)
	at liquibase.integration.commandline.LiquibaseCommandLine.main(LiquibaseCommandLine.java:80)
Caused by: liquibase.exception.LiquibaseException: Unexpected error running Liquibase: Migration failed for change set 122/release-changelog.xml::122_BIQ-29457_create_dbdui_report_parts_dbt_tmp.sql::Loginov:
     Reason: liquibase.exception.DatabaseException: ORA-00955: имя уже задействовано для существующего объекта
 [Failed SQL: (955) CREATE GLOBAL TEMPORARY TABLE dbdui_report_parts_dbt
(
    part_num  number,
    json_part clob
) ON COMMIT PRESERVE ROWS]
	at liquibase.integration.commandline.Main$1.run(Main.java:443)
	at liquibase.integration.commandline.Main$1.run(Main.java:221)
	at liquibase.Scope.child(Scope.java:189)
	at liquibase.Scope.child(Scope.java:165)
	at liquibase.integration.commandline.Main.run(Main.java:221)
	at liquibase.command.AbstractCliWrapperCommandStep.run(AbstractCliWrapperCommandStep.java:32)
	at liquibase.command.CommandScope.execute(CommandScope.java:157)
	... 14 more
Caused by: liquibase.exception.LiquibaseException: liquibase.exception.MigrationFailedException: Migration failed for change set 122/release-changelog.xml::122_BIQ-29457_create_dbdui_report_parts_dbt_tmp.sql::Loginov:
     Reason: liquibase.exception.DatabaseException: ORA-00955: имя уже задействовано для существующего объекта
 [Failed SQL: (955) CREATE GLOBAL TEMPORARY TABLE dbdui_report_parts_dbt
(
    part_num  number,
    json_part clob
) ON COMMIT PRESERVE ROWS]
	at liquibase.changelog.ChangeLogIterator.run(ChangeLogIterator.java:126)
	at liquibase.Liquibase.lambda$null$0(Liquibase.java:265)
	at liquibase.Scope.lambda$child$0(Scope.java:180)
	at liquibase.Scope.child(Scope.java:189)
	at liquibase.Scope.child(Scope.java:179)
	at liquibase.Scope.child(Scope.java:158)
	at liquibase.Scope.child(Scope.java:243)
	at liquibase.Liquibase.lambda$update$1(Liquibase.java:264)
	at liquibase.Scope.lambda$child$0(Scope.java:180)
	at liquibase.Scope.child(Scope.java:189)
	at liquibase.Scope.child(Scope.java:179)
	at liquibase.Scope.child(Scope.java:158)
	at liquibase.Liquibase.runInScope(Liquibase.java:2405)
	at liquibase.Liquibase.update(Liquibase.java:211)
	at liquibase.Liquibase.update(Liquibase.java:197)
	at liquibase.integration.commandline.Main.doMigration(Main.java:1870)
	at liquibase.integration.commandline.Main$1.lambda$run$0(Main.java:398)
	at liquibase.Scope.lambda$child$0(Scope.java:180)
	at liquibase.Scope.child(Scope.java:189)
	at liquibase.Scope.child(Scope.java:179)
	at liquibase.Scope.child(Scope.java:158)
	at liquibase.integration.commandline.Main$1.run(Main.java:397)
	... 20 more
Caused by: liquibase.exception.MigrationFailedException: Migration failed for change set 122/release-changelog.xml::122_BIQ-29457_create_dbdui_report_parts_dbt_tmp.sql::Loginov:
     Reason: liquibase.exception.DatabaseException: ORA-00955: имя уже задействовано для существующего объекта
 [Failed SQL: (955) CREATE GLOBAL TEMPORARY TABLE dbdui_report_parts_dbt
(
    part_num  number,
    json_part clob
) ON COMMIT PRESERVE ROWS]
	at liquibase.changelog.ChangeSet.execute(ChangeSet.java:696)
	at liquibase.changelog.visitor.UpdateVisitor.visit(UpdateVisitor.java:56)
	at liquibase.changelog.ChangeLogIterator$2.lambda$null$0(ChangeLogIterator.java:113)
	at liquibase.Scope.lambda$child$0(Scope.java:180)
	at liquibase.Scope.child(Scope.java:189)
	at liquibase.Scope.child(Scope.java:179)
	at liquibase.Scope.child(Scope.java:158)
	at liquibase.changelog.ChangeLogIterator$2.lambda$run$1(ChangeLogIterator.java:112)
	at liquibase.Scope.lambda$child$0(Scope.java:180)
	at liquibase.Scope.child(Scope.java:189)
	at liquibase.Scope.child(Scope.java:179)
	at liquibase.Scope.child(Scope.java:158)
	at liquibase.Scope.child(Scope.java:243)
	at liquibase.changelog.ChangeLogIterator$2.run(ChangeLogIterator.java:93)
	at liquibase.Scope.lambda$child$0(Scope.java:180)
	at liquibase.Scope.child(Scope.java:189)
	at liquibase.Scope.child(Scope.java:179)
	at liquibase.Scope.child(Scope.java:158)
	at liquibase.Scope.child(Scope.java:243)
	at liquibase.Scope.child(Scope.java:247)
	at liquibase.changelog.ChangeLogIterator.run(ChangeLogIterator.java:65)
	... 41 more
Caused by: liquibase.exception.DatabaseException: ORA-00955: имя уже задействовано для существующего объекта
 [Failed SQL: (955) CREATE GLOBAL TEMPORARY TABLE dbdui_report_parts_dbt
(
    part_num  number,
    json_part clob
) ON COMMIT PRESERVE ROWS]
	at liquibase.executor.jvm.JdbcExecutor$ExecuteStatementCallback.doInStatement(JdbcExecutor.java:397)
	at liquibase.executor.jvm.JdbcExecutor.execute(JdbcExecutor.java:83)
	at liquibase.executor.jvm.JdbcExecutor.execute(JdbcExecutor.java:151)
	at liquibase.database.AbstractJdbcDatabase.execute(AbstractJdbcDatabase.java:1279)
	at liquibase.database.AbstractJdbcDatabase.executeStatements(AbstractJdbcDatabase.java:1261)
	at liquibase.changelog.ChangeSet.execute(ChangeSet.java:661)
	... 61 more
Caused by: java.sql.SQLSyntaxErrorException: ORA-00955: имя уже задействовано для существующего объекта

	at oracle.jdbc.driver.T4CTTIoer11.processError(T4CTTIoer11.java:494)
	at oracle.jdbc.driver.T4CTTIoer11.processError(T4CTTIoer11.java:446)
	at oracle.jdbc.driver.T4C8Oall.processError(T4C8Oall.java:1052)
	at oracle.jdbc.driver.T4CTTIfun.receive(T4CTTIfun.java:537)
	at oracle.jdbc.driver.T4CTTIfun.doRPC(T4CTTIfun.java:255)
	at oracle.jdbc.driver.T4C8Oall.doOALL(T4C8Oall.java:610)
	at oracle.jdbc.driver.T4CStatement.doOall8(T4CStatement.java:213)
	at oracle.jdbc.driver.T4CStatement.doOall8(T4CStatement.java:37)
	at oracle.jdbc.driver.T4CStatement.executeForRows(T4CStatement.java:887)
	at oracle.jdbc.driver.OracleStatement.doExecuteWithTimeout(OracleStatement.java:1136)
	at oracle.jdbc.driver.OracleStatement.executeInternal(OracleStatement.java:1754)
	at oracle.jdbc.driver.OracleStatement.execute(OracleStatement.java:1709)
	at oracle.jdbc.driver.OracleStatementWrapper.execute(OracleStatementWrapper.java:300)
	at liquibase.executor.jvm.JdbcExecutor$ExecuteStatementCallback.doInStatement(JdbcExecutor.java:393)
	... 66 more
Caused by: Error : 955, Position : 30, Sql = CREATE GLOBAL TEMPORARY TABLE dbdui_report_parts_dbt
(
    part_num  number,
    json_part clob
) ON COMMIT PRESERVE ROWS, OriginalSql = CREATE GLOBAL TEMPORARY TABLE dbdui_report_parts_dbt
(
    part_num  number,
    json_part clob
) ON COMMIT PRESERVE ROWS, Error Msg = ORA-00955: имя уже задействовано для существующего объекта

	at oracle.jdbc.driver.T4CTTIoer11.processError(T4CTTIoer11.java:498)
	... 79 more

[2025-10-17 11:01:21] INFO [liquibase.lockservice] Successfully acquired change log lock
[2025-10-17 11:01:22] INFO [liquibase.changelog] Reading from RSHB_SOFR_DEBUG.DATABASECHANGELOG
[2025-10-17 11:01:23] INFO [liquibase.lockservice] Successfully released change log lock
[2025-10-17 11:01:23] SEVERE [liquibase.integration] ORA-00955: имя уже задействовано для существующего объекта

liquibase.exception.CommandExecutionException: liquibase.exception.LiquibaseException: Unexpected error running Liquibase: Migration failed for change set 122/release-changelog.xml::122_BIQ-29457_create_dbdui_report_parts_dbt_tmp.sql::Loginov:
     Reason: liquibase.exception.DatabaseException: ORA-00955: имя уже задействовано для существующего объекта
 [Failed SQL: (955) CREATE GLOBAL TEMPORARY TABLE dbdui_report_parts_dbt
(
    part_num  number,
    json_part clob
) ON COMMIT PRESERVE ROWS]
	at liquibase.command.CommandScope.execute(CommandScope.java:163)
	at liquibase.integration.commandline.CommandRunner.call(CommandRunner.java:51)
	at liquibase.integration.commandline.CommandRunner.call(CommandRunner.java:21)
	at picocli.CommandLine.executeUserObject(CommandLine.java:1953)
	at picocli.CommandLine.access$1300(CommandLine.java:145)
	at picocli.CommandLine$RunLast.executeUserObjectOfLastSubcommandWithSameParent(CommandLine.java:2352)
	at picocli.CommandLine$RunLast.handle(CommandLine.java:2346)
	at picocli.CommandLine$RunLast.handle(CommandLine.java:2311)
	at picocli.CommandLine$AbstractParseResultHandler.execute(CommandLine.java:2179)
	at picocli.CommandLine.execute(CommandLine.java:2078)
	at liquibase.integration.commandline.LiquibaseCommandLine.lambda$execute$1(LiquibaseCommandLine.java:325)
	at liquibase.Scope.child(Scope.java:189)
	at liquibase.Scope.child(Scope.java:165)
	at liquibase.integration.commandline.LiquibaseCommandLine.execute(LiquibaseCommandLine.java:291)
	at liquibase.integration.commandline.LiquibaseCommandLine.main(LiquibaseCommandLine.java:80)
Caused by: liquibase.exception.LiquibaseException: Unexpected error running Liquibase: Migration failed for change set 122/release-changelog.xml::122_BIQ-29457_create_dbdui_report_parts_dbt_tmp.sql::Loginov:
     Reason: liquibase.exception.DatabaseException: ORA-00955: имя уже задействовано для существующего объекта
 [Failed SQL: (955) CREATE GLOBAL TEMPORARY TABLE dbdui_report_parts_dbt
(
    part_num  number,
    json_part clob
) ON COMMIT PRESERVE ROWS]
	at liquibase.integration.commandline.Main$1.run(Main.java:443)
	at liquibase.integration.commandline.Main$1.run(Main.java:221)
	at liquibase.Scope.child(Scope.java:189)
	at liquibase.Scope.child(Scope.java:165)
	at liquibase.integration.commandline.Main.run(Main.java:221)
	at liquibase.command.AbstractCliWrapperCommandStep.run(AbstractCliWrapperCommandStep.java:32)
	at liquibase.command.CommandScope.execute(CommandScope.java:157)
	... 14 more
Caused by: liquibase.exception.LiquibaseException: liquibase.exception.MigrationFailedException: Migration failed for change set 122/release-changelog.xml::122_BIQ-29457_create_dbdui_report_parts_dbt_tmp.sql::Loginov:
     Reason: liquibase.exception.DatabaseException: ORA-00955: имя уже задействовано для существующего объекта
 [Failed SQL: (955) CREATE GLOBAL TEMPORARY TABLE dbdui_report_parts_dbt
(
    part_num  number,
    json_part clob
) ON COMMIT PRESERVE ROWS]
	at liquibase.changelog.ChangeLogIterator.run(ChangeLogIterator.java:126)
	at liquibase.Liquibase.lambda$null$0(Liquibase.java:265)
	at liquibase.Scope.lambda$child$0(Scope.java:180)
	at liquibase.Scope.child(Scope.java:189)
	at liquibase.Scope.child(Scope.java:179)
	at liquibase.Scope.child(Scope.java:158)
	at liquibase.Scope.child(Scope.java:243)
	at liquibase.Liquibase.lambda$update$1(Liquibase.java:264)
	at liquibase.Scope.lambda$child$0(Scope.java:180)
	at liquibase.Scope.child(Scope.java:189)
	at liquibase.Scope.child(Scope.java:179)
	at liquibase.Scope.child(Scope.java:158)
	at liquibase.Liquibase.runInScope(Liquibase.java:2405)
	at liquibase.Liquibase.update(Liquibase.java:211)
	at liquibase.Liquibase.update(Liquibase.java:197)
	at liquibase.integration.commandline.Main.doMigration(Main.java:1870)
	at liquibase.integration.commandline.Main$1.lambda$run$0(Main.java:398)
	at liquibase.Scope.lambda$child$0(Scope.java:180)
	at liquibase.Scope.child(Scope.java:189)
	at liquibase.Scope.child(Scope.java:179)
	at liquibase.Scope.child(Scope.java:158)
	at liquibase.integration.commandline.Main$1.run(Main.java:397)
	... 20 more
Caused by: liquibase.exception.MigrationFailedException: Migration failed for change set 122/release-changelog.xml::122_BIQ-29457_create_dbdui_report_parts_dbt_tmp.sql::Loginov:
     Reason: liquibase.exception.DatabaseException: ORA-00955: имя уже задействовано для существующего объекта
 [Failed SQL: (955) CREATE GLOBAL TEMPORARY TABLE dbdui_report_parts_dbt
(
    part_num  number,
    json_part clob
) ON COMMIT PRESERVE ROWS]
	at liquibase.changelog.ChangeSet.execute(ChangeSet.java:696)
	at liquibase.changelog.visitor.UpdateVisitor.visit(UpdateVisitor.java:56)
	at liquibase.changelog.ChangeLogIterator$2.lambda$null$0(ChangeLogIterator.java:113)
	at liquibase.Scope.lambda$child$0(Scope.java:180)
	at liquibase.Scope.child(Scope.java:189)
	at liquibase.Scope.child(Scope.java:179)
	at liquibase.Scope.child(Scope.java:158)
	at liquibase.changelog.ChangeLogIterator$2.lambda$run$1(ChangeLogIterator.java:112)
	at liquibase.Scope.lambda$child$0(Scope.java:180)
	at liquibase.Scope.child(Scope.java:189)
	at liquibase.Scope.child(Scope.java:179)
	at liquibase.Scope.child(Scope.java:158)
	at liquibase.Scope.child(Scope.java:243)
	at liquibase.changelog.ChangeLogIterator$2.run(ChangeLogIterator.java:93)
	at liquibase.Scope.lambda$child$0(Scope.java:180)
	at liquibase.Scope.child(Scope.java:189)
	at liquibase.Scope.child(Scope.java:179)
	at liquibase.Scope.child(Scope.java:158)
	at liquibase.Scope.child(Scope.java:243)
	at liquibase.Scope.child(Scope.java:247)
	at liquibase.changelog.ChangeLogIterator.run(ChangeLogIterator.java:65)
	... 41 more
Caused by: liquibase.exception.DatabaseException: ORA-00955: имя уже задействовано для существующего объекта
 [Failed SQL: (955) CREATE GLOBAL TEMPORARY TABLE dbdui_report_parts_dbt
(
    part_num  number,
    json_part clob
) ON COMMIT PRESERVE ROWS]
	at liquibase.executor.jvm.JdbcExecutor$ExecuteStatementCallback.doInStatement(JdbcExecutor.java:397)
	at liquibase.executor.jvm.JdbcExecutor.execute(JdbcExecutor.java:83)
	at liquibase.executor.jvm.JdbcExecutor.execute(JdbcExecutor.java:151)
	at liquibase.database.AbstractJdbcDatabase.execute(AbstractJdbcDatabase.java:1279)
	at liquibase.database.AbstractJdbcDatabase.executeStatements(AbstractJdbcDatabase.java:1261)
	at liquibase.changelog.ChangeSet.execute(ChangeSet.java:661)
	... 61 more
Caused by: java.sql.SQLSyntaxErrorException: ORA-00955: имя уже задействовано для существующего объекта

	at oracle.jdbc.driver.T4CTTIoer11.processError(T4CTTIoer11.java:494)
	at oracle.jdbc.driver.T4CTTIoer11.processError(T4CTTIoer11.java:446)
	at oracle.jdbc.driver.T4C8Oall.processError(T4C8Oall.java:1052)
	at oracle.jdbc.driver.T4CTTIfun.receive(T4CTTIfun.java:537)
	at oracle.jdbc.driver.T4CTTIfun.doRPC(T4CTTIfun.java:255)
	at oracle.jdbc.driver.T4C8Oall.doOALL(T4C8Oall.java:610)
	at oracle.jdbc.driver.T4CStatement.doOall8(T4CStatement.java:213)
	at oracle.jdbc.driver.T4CStatement.doOall8(T4CStatement.java:37)
	at oracle.jdbc.driver.T4CStatement.executeForRows(T4CStatement.java:887)
	at oracle.jdbc.driver.OracleStatement.doExecuteWithTimeout(OracleStatement.java:1136)
	at oracle.jdbc.driver.OracleStatement.executeInternal(OracleStatement.java:1754)
	at oracle.jdbc.driver.OracleStatement.execute(OracleStatement.java:1709)
	at oracle.jdbc.driver.OracleStatementWrapper.execute(OracleStatementWrapper.java:300)
	at liquibase.executor.jvm.JdbcExecutor$ExecuteStatementCallback.doInStatement(JdbcExecutor.java:393)
	... 66 more
Caused by: Error : 955, Position : 30, Sql = CREATE GLOBAL TEMPORARY TABLE dbdui_report_parts_dbt
(
    part_num  number,
    json_part clob
) ON COMMIT PRESERVE ROWS, OriginalSql = CREATE GLOBAL TEMPORARY TABLE dbdui_report_parts_dbt
(
    part_num  number,
    json_part clob
) ON COMMIT PRESERVE ROWS, Error Msg = ORA-00955: имя уже задействовано для существующего объекта

	at oracle.jdbc.driver.T4CTTIoer11.processError(T4CTTIoer11.java:498)
	... 79 more

[2025-10-17 11:01:41] INFO [liquibase.lockservice] Successfully acquired change log lock
[2025-10-17 11:01:42] INFO [liquibase.changelog] Reading from RSHB_SOFR_DEBUG.DATABASECHANGELOG
[2025-10-17 11:01:43] INFO [liquibase.lockservice] Successfully released change log lock
[2025-10-17 11:01:43] SEVERE [liquibase.integration] ORA-00955: имя уже задействовано для существующего объекта

liquibase.exception.CommandExecutionException: liquibase.exception.LiquibaseException: Unexpected error running Liquibase: Migration failed for change set 122/release-changelog.xml::122_BIQ-29457_create_dbdui_report_parts_dbt_tmp.sql::Loginov:
     Reason: liquibase.exception.DatabaseException: ORA-00955: имя уже задействовано для существующего объекта
 [Failed SQL: (955) CREATE GLOBAL TEMPORARY TABLE dbdui_report_parts_dbt
(
    part_num  number,
    json_part clob
) ON COMMIT PRESERVE ROWS]
	at liquibase.command.CommandScope.execute(CommandScope.java:163)
	at liquibase.integration.commandline.CommandRunner.call(CommandRunner.java:51)
	at liquibase.integration.commandline.CommandRunner.call(CommandRunner.java:21)
	at picocli.CommandLine.executeUserObject(CommandLine.java:1953)
	at picocli.CommandLine.access$1300(CommandLine.java:145)
	at picocli.CommandLine$RunLast.executeUserObjectOfLastSubcommandWithSameParent(CommandLine.java:2352)
	at picocli.CommandLine$RunLast.handle(CommandLine.java:2346)
	at picocli.CommandLine$RunLast.handle(CommandLine.java:2311)
	at picocli.CommandLine$AbstractParseResultHandler.execute(CommandLine.java:2179)
	at picocli.CommandLine.execute(CommandLine.java:2078)
	at liquibase.integration.commandline.LiquibaseCommandLine.lambda$execute$1(LiquibaseCommandLine.java:325)
	at liquibase.Scope.child(Scope.java:189)
	at liquibase.Scope.child(Scope.java:165)
	at liquibase.integration.commandline.LiquibaseCommandLine.execute(LiquibaseCommandLine.java:291)
	at liquibase.integration.commandline.LiquibaseCommandLine.main(LiquibaseCommandLine.java:80)
Caused by: liquibase.exception.LiquibaseException: Unexpected error running Liquibase: Migration failed for change set 122/release-changelog.xml::122_BIQ-29457_create_dbdui_report_parts_dbt_tmp.sql::Loginov:
     Reason: liquibase.exception.DatabaseException: ORA-00955: имя уже задействовано для существующего объекта
 [Failed SQL: (955) CREATE GLOBAL TEMPORARY TABLE dbdui_report_parts_dbt
(
    part_num  number,
    json_part clob
) ON COMMIT PRESERVE ROWS]
	at liquibase.integration.commandline.Main$1.run(Main.java:443)
	at liquibase.integration.commandline.Main$1.run(Main.java:221)
	at liquibase.Scope.child(Scope.java:189)
	at liquibase.Scope.child(Scope.java:165)
	at liquibase.integration.commandline.Main.run(Main.java:221)
	at liquibase.command.AbstractCliWrapperCommandStep.run(AbstractCliWrapperCommandStep.java:32)
	at liquibase.command.CommandScope.execute(CommandScope.java:157)
	... 14 more
Caused by: liquibase.exception.LiquibaseException: liquibase.exception.MigrationFailedException: Migration failed for change set 122/release-changelog.xml::122_BIQ-29457_create_dbdui_report_parts_dbt_tmp.sql::Loginov:
     Reason: liquibase.exception.DatabaseException: ORA-00955: имя уже задействовано для существующего объекта
 [Failed SQL: (955) CREATE GLOBAL TEMPORARY TABLE dbdui_report_parts_dbt
(
    part_num  number,
    json_part clob
) ON COMMIT PRESERVE ROWS]
	at liquibase.changelog.ChangeLogIterator.run(ChangeLogIterator.java:126)
	at liquibase.Liquibase.lambda$null$0(Liquibase.java:265)
	at liquibase.Scope.lambda$child$0(Scope.java:180)
	at liquibase.Scope.child(Scope.java:189)
	at liquibase.Scope.child(Scope.java:179)
	at liquibase.Scope.child(Scope.java:158)
	at liquibase.Scope.child(Scope.java:243)
	at liquibase.Liquibase.lambda$update$1(Liquibase.java:264)
	at liquibase.Scope.lambda$child$0(Scope.java:180)
	at liquibase.Scope.child(Scope.java:189)
	at liquibase.Scope.child(Scope.java:179)
	at liquibase.Scope.child(Scope.java:158)
	at liquibase.Liquibase.runInScope(Liquibase.java:2405)
	at liquibase.Liquibase.update(Liquibase.java:211)
	at liquibase.Liquibase.update(Liquibase.java:197)
	at liquibase.integration.commandline.Main.doMigration(Main.java:1870)
	at liquibase.integration.commandline.Main$1.lambda$run$0(Main.java:398)
	at liquibase.Scope.lambda$child$0(Scope.java:180)
	at liquibase.Scope.child(Scope.java:189)
	at liquibase.Scope.child(Scope.java:179)
	at liquibase.Scope.child(Scope.java:158)
	at liquibase.integration.commandline.Main$1.run(Main.java:397)
	... 20 more
Caused by: liquibase.exception.MigrationFailedException: Migration failed for change set 122/release-changelog.xml::122_BIQ-29457_create_dbdui_report_parts_dbt_tmp.sql::Loginov:
     Reason: liquibase.exception.DatabaseException: ORA-00955: имя уже задействовано для существующего объекта
 [Failed SQL: (955) CREATE GLOBAL TEMPORARY TABLE dbdui_report_parts_dbt
(
    part_num  number,
    json_part clob
) ON COMMIT PRESERVE ROWS]
	at liquibase.changelog.ChangeSet.execute(ChangeSet.java:696)
	at liquibase.changelog.visitor.UpdateVisitor.visit(UpdateVisitor.java:56)
	at liquibase.changelog.ChangeLogIterator$2.lambda$null$0(ChangeLogIterator.java:113)
	at liquibase.Scope.lambda$child$0(Scope.java:180)
	at liquibase.Scope.child(Scope.java:189)
	at liquibase.Scope.child(Scope.java:179)
	at liquibase.Scope.child(Scope.java:158)
	at liquibase.changelog.ChangeLogIterator$2.lambda$run$1(ChangeLogIterator.java:112)
	at liquibase.Scope.lambda$child$0(Scope.java:180)
	at liquibase.Scope.child(Scope.java:189)
	at liquibase.Scope.child(Scope.java:179)
	at liquibase.Scope.child(Scope.java:158)
	at liquibase.Scope.child(Scope.java:243)
	at liquibase.changelog.ChangeLogIterator$2.run(ChangeLogIterator.java:93)
	at liquibase.Scope.lambda$child$0(Scope.java:180)
	at liquibase.Scope.child(Scope.java:189)
	at liquibase.Scope.child(Scope.java:179)
	at liquibase.Scope.child(Scope.java:158)
	at liquibase.Scope.child(Scope.java:243)
	at liquibase.Scope.child(Scope.java:247)
	at liquibase.changelog.ChangeLogIterator.run(ChangeLogIterator.java:65)
	... 41 more
Caused by: liquibase.exception.DatabaseException: ORA-00955: имя уже задействовано для существующего объекта
 [Failed SQL: (955) CREATE GLOBAL TEMPORARY TABLE dbdui_report_parts_dbt
(
    part_num  number,
    json_part clob
) ON COMMIT PRESERVE ROWS]
	at liquibase.executor.jvm.JdbcExecutor$ExecuteStatementCallback.doInStatement(JdbcExecutor.java:397)
	at liquibase.executor.jvm.JdbcExecutor.execute(JdbcExecutor.java:83)
	at liquibase.executor.jvm.JdbcExecutor.execute(JdbcExecutor.java:151)
	at liquibase.database.AbstractJdbcDatabase.execute(AbstractJdbcDatabase.java:1279)
	at liquibase.database.AbstractJdbcDatabase.executeStatements(AbstractJdbcDatabase.java:1261)
	at liquibase.changelog.ChangeSet.execute(ChangeSet.java:661)
	... 61 more
Caused by: java.sql.SQLSyntaxErrorException: ORA-00955: имя уже задействовано для существующего объекта

	at oracle.jdbc.driver.T4CTTIoer11.processError(T4CTTIoer11.java:494)
	at oracle.jdbc.driver.T4CTTIoer11.processError(T4CTTIoer11.java:446)
	at oracle.jdbc.driver.T4C8Oall.processError(T4C8Oall.java:1052)
	at oracle.jdbc.driver.T4CTTIfun.receive(T4CTTIfun.java:537)
	at oracle.jdbc.driver.T4CTTIfun.doRPC(T4CTTIfun.java:255)
	at oracle.jdbc.driver.T4C8Oall.doOALL(T4C8Oall.java:610)
	at oracle.jdbc.driver.T4CStatement.doOall8(T4CStatement.java:213)
	at oracle.jdbc.driver.T4CStatement.doOall8(T4CStatement.java:37)
	at oracle.jdbc.driver.T4CStatement.executeForRows(T4CStatement.java:887)
	at oracle.jdbc.driver.OracleStatement.doExecuteWithTimeout(OracleStatement.java:1136)
	at oracle.jdbc.driver.OracleStatement.executeInternal(OracleStatement.java:1754)
	at oracle.jdbc.driver.OracleStatement.execute(OracleStatement.java:1709)
	at oracle.jdbc.driver.OracleStatementWrapper.execute(OracleStatementWrapper.java:300)
	at liquibase.executor.jvm.JdbcExecutor$ExecuteStatementCallback.doInStatement(JdbcExecutor.java:393)
	... 66 more
Caused by: Error : 955, Position : 30, Sql = CREATE GLOBAL TEMPORARY TABLE dbdui_report_parts_dbt
(
    part_num  number,
    json_part clob
) ON COMMIT PRESERVE ROWS, OriginalSql = CREATE GLOBAL TEMPORARY TABLE dbdui_report_parts_dbt
(
    part_num  number,
    json_part clob
) ON COMMIT PRESERVE ROWS, Error Msg = ORA-00955: имя уже задействовано для существующего объекта

	at oracle.jdbc.driver.T4CTTIoer11.processError(T4CTTIoer11.java:498)
	... 79 more

[2025-10-17 11:10:45] INFO [liquibase.lockservice] Successfully acquired change log lock
[2025-10-17 11:10:46] INFO [liquibase.changelog] Reading from RSHB_SOFR_DEBUG.DATABASECHANGELOG
[2025-10-17 11:10:47] INFO [liquibase.lockservice] Successfully released change log lock
[2025-10-17 11:10:47] SEVERE [liquibase.integration] ORA-00955: имя уже задействовано для существующего объекта

liquibase.exception.CommandExecutionException: liquibase.exception.LiquibaseException: Unexpected error running Liquibase: Migration failed for change set 122/release-changelog.xml::122_BIQ-29457_create_dbdui_report_parts_dbt_tmp.sql::Loginov:
     Reason: liquibase.exception.DatabaseException: ORA-00955: имя уже задействовано для существующего объекта
 [Failed SQL: (955) CREATE GLOBAL TEMPORARY TABLE dbdui_report_parts_dbt
(
    part_num  INTEGER,
    json_part CLOB
) ON COMMIT PRESERVE ROWS]
	at liquibase.command.CommandScope.execute(CommandScope.java:163)
	at liquibase.integration.commandline.CommandRunner.call(CommandRunner.java:51)
	at liquibase.integration.commandline.CommandRunner.call(CommandRunner.java:21)
	at picocli.CommandLine.executeUserObject(CommandLine.java:1953)
	at picocli.CommandLine.access$1300(CommandLine.java:145)
	at picocli.CommandLine$RunLast.executeUserObjectOfLastSubcommandWithSameParent(CommandLine.java:2352)
	at picocli.CommandLine$RunLast.handle(CommandLine.java:2346)
	at picocli.CommandLine$RunLast.handle(CommandLine.java:2311)
	at picocli.CommandLine$AbstractParseResultHandler.execute(CommandLine.java:2179)
	at picocli.CommandLine.execute(CommandLine.java:2078)
	at liquibase.integration.commandline.LiquibaseCommandLine.lambda$execute$1(LiquibaseCommandLine.java:325)
	at liquibase.Scope.child(Scope.java:189)
	at liquibase.Scope.child(Scope.java:165)
	at liquibase.integration.commandline.LiquibaseCommandLine.execute(LiquibaseCommandLine.java:291)
	at liquibase.integration.commandline.LiquibaseCommandLine.main(LiquibaseCommandLine.java:80)
Caused by: liquibase.exception.LiquibaseException: Unexpected error running Liquibase: Migration failed for change set 122/release-changelog.xml::122_BIQ-29457_create_dbdui_report_parts_dbt_tmp.sql::Loginov:
     Reason: liquibase.exception.DatabaseException: ORA-00955: имя уже задействовано для существующего объекта
 [Failed SQL: (955) CREATE GLOBAL TEMPORARY TABLE dbdui_report_parts_dbt
(
    part_num  INTEGER,
    json_part CLOB
) ON COMMIT PRESERVE ROWS]
	at liquibase.integration.commandline.Main$1.run(Main.java:443)
	at liquibase.integration.commandline.Main$1.run(Main.java:221)
	at liquibase.Scope.child(Scope.java:189)
	at liquibase.Scope.child(Scope.java:165)
	at liquibase.integration.commandline.Main.run(Main.java:221)
	at liquibase.command.AbstractCliWrapperCommandStep.run(AbstractCliWrapperCommandStep.java:32)
	at liquibase.command.CommandScope.execute(CommandScope.java:157)
	... 14 more
Caused by: liquibase.exception.LiquibaseException: liquibase.exception.MigrationFailedException: Migration failed for change set 122/release-changelog.xml::122_BIQ-29457_create_dbdui_report_parts_dbt_tmp.sql::Loginov:
     Reason: liquibase.exception.DatabaseException: ORA-00955: имя уже задействовано для существующего объекта
 [Failed SQL: (955) CREATE GLOBAL TEMPORARY TABLE dbdui_report_parts_dbt
(
    part_num  INTEGER,
    json_part CLOB
) ON COMMIT PRESERVE ROWS]
	at liquibase.changelog.ChangeLogIterator.run(ChangeLogIterator.java:126)
	at liquibase.Liquibase.lambda$null$0(Liquibase.java:265)
	at liquibase.Scope.lambda$child$0(Scope.java:180)
	at liquibase.Scope.child(Scope.java:189)
	at liquibase.Scope.child(Scope.java:179)
	at liquibase.Scope.child(Scope.java:158)
	at liquibase.Scope.child(Scope.java:243)
	at liquibase.Liquibase.lambda$update$1(Liquibase.java:264)
	at liquibase.Scope.lambda$child$0(Scope.java:180)
	at liquibase.Scope.child(Scope.java:189)
	at liquibase.Scope.child(Scope.java:179)
	at liquibase.Scope.child(Scope.java:158)
	at liquibase.Liquibase.runInScope(Liquibase.java:2405)
	at liquibase.Liquibase.update(Liquibase.java:211)
	at liquibase.Liquibase.update(Liquibase.java:197)
	at liquibase.integration.commandline.Main.doMigration(Main.java:1870)
	at liquibase.integration.commandline.Main$1.lambda$run$0(Main.java:398)
	at liquibase.Scope.lambda$child$0(Scope.java:180)
	at liquibase.Scope.child(Scope.java:189)
	at liquibase.Scope.child(Scope.java:179)
	at liquibase.Scope.child(Scope.java:158)
	at liquibase.integration.commandline.Main$1.run(Main.java:397)
	... 20 more
Caused by: liquibase.exception.MigrationFailedException: Migration failed for change set 122/release-changelog.xml::122_BIQ-29457_create_dbdui_report_parts_dbt_tmp.sql::Loginov:
     Reason: liquibase.exception.DatabaseException: ORA-00955: имя уже задействовано для существующего объекта
 [Failed SQL: (955) CREATE GLOBAL TEMPORARY TABLE dbdui_report_parts_dbt
(
    part_num  INTEGER,
    json_part CLOB
) ON COMMIT PRESERVE ROWS]
	at liquibase.changelog.ChangeSet.execute(ChangeSet.java:696)
	at liquibase.changelog.visitor.UpdateVisitor.visit(UpdateVisitor.java:56)
	at liquibase.changelog.ChangeLogIterator$2.lambda$null$0(ChangeLogIterator.java:113)
	at liquibase.Scope.lambda$child$0(Scope.java:180)
	at liquibase.Scope.child(Scope.java:189)
	at liquibase.Scope.child(Scope.java:179)
	at liquibase.Scope.child(Scope.java:158)
	at liquibase.changelog.ChangeLogIterator$2.lambda$run$1(ChangeLogIterator.java:112)
	at liquibase.Scope.lambda$child$0(Scope.java:180)
	at liquibase.Scope.child(Scope.java:189)
	at liquibase.Scope.child(Scope.java:179)
	at liquibase.Scope.child(Scope.java:158)
	at liquibase.Scope.child(Scope.java:243)
	at liquibase.changelog.ChangeLogIterator$2.run(ChangeLogIterator.java:93)
	at liquibase.Scope.lambda$child$0(Scope.java:180)
	at liquibase.Scope.child(Scope.java:189)
	at liquibase.Scope.child(Scope.java:179)
	at liquibase.Scope.child(Scope.java:158)
	at liquibase.Scope.child(Scope.java:243)
	at liquibase.Scope.child(Scope.java:247)
	at liquibase.changelog.ChangeLogIterator.run(ChangeLogIterator.java:65)
	... 41 more
Caused by: liquibase.exception.DatabaseException: ORA-00955: имя уже задействовано для существующего объекта
 [Failed SQL: (955) CREATE GLOBAL TEMPORARY TABLE dbdui_report_parts_dbt
(
    part_num  INTEGER,
    json_part CLOB
) ON COMMIT PRESERVE ROWS]
	at liquibase.executor.jvm.JdbcExecutor$ExecuteStatementCallback.doInStatement(JdbcExecutor.java:397)
	at liquibase.executor.jvm.JdbcExecutor.execute(JdbcExecutor.java:83)
	at liquibase.executor.jvm.JdbcExecutor.execute(JdbcExecutor.java:151)
	at liquibase.database.AbstractJdbcDatabase.execute(AbstractJdbcDatabase.java:1279)
	at liquibase.database.AbstractJdbcDatabase.executeStatements(AbstractJdbcDatabase.java:1261)
	at liquibase.changelog.ChangeSet.execute(ChangeSet.java:661)
	... 61 more
Caused by: java.sql.SQLSyntaxErrorException: ORA-00955: имя уже задействовано для существующего объекта

	at oracle.jdbc.driver.T4CTTIoer11.processError(T4CTTIoer11.java:494)
	at oracle.jdbc.driver.T4CTTIoer11.processError(T4CTTIoer11.java:446)
	at oracle.jdbc.driver.T4C8Oall.processError(T4C8Oall.java:1052)
	at oracle.jdbc.driver.T4CTTIfun.receive(T4CTTIfun.java:537)
	at oracle.jdbc.driver.T4CTTIfun.doRPC(T4CTTIfun.java:255)
	at oracle.jdbc.driver.T4C8Oall.doOALL(T4C8Oall.java:610)
	at oracle.jdbc.driver.T4CStatement.doOall8(T4CStatement.java:213)
	at oracle.jdbc.driver.T4CStatement.doOall8(T4CStatement.java:37)
	at oracle.jdbc.driver.T4CStatement.executeForRows(T4CStatement.java:887)
	at oracle.jdbc.driver.OracleStatement.doExecuteWithTimeout(OracleStatement.java:1136)
	at oracle.jdbc.driver.OracleStatement.executeInternal(OracleStatement.java:1754)
	at oracle.jdbc.driver.OracleStatement.execute(OracleStatement.java:1709)
	at oracle.jdbc.driver.OracleStatementWrapper.execute(OracleStatementWrapper.java:300)
	at liquibase.executor.jvm.JdbcExecutor$ExecuteStatementCallback.doInStatement(JdbcExecutor.java:393)
	... 66 more
Caused by: Error : 955, Position : 30, Sql = CREATE GLOBAL TEMPORARY TABLE dbdui_report_parts_dbt
(
    part_num  INTEGER,
    json_part CLOB
) ON COMMIT PRESERVE ROWS, OriginalSql = CREATE GLOBAL TEMPORARY TABLE dbdui_report_parts_dbt
(
    part_num  INTEGER,
    json_part CLOB
) ON COMMIT PRESERVE ROWS, Error Msg = ORA-00955: имя уже задействовано для существующего объекта

	at oracle.jdbc.driver.T4CTTIoer11.processError(T4CTTIoer11.java:498)
	... 79 more

[2025-10-17 11:13:03] INFO [liquibase.lockservice] Successfully acquired change log lock
[2025-10-17 11:13:04] INFO [liquibase.changelog] Reading from RSHB_SOFR_DEBUG.DATABASECHANGELOG
[2025-10-17 11:13:05] INFO [liquibase.lockservice] Successfully released change log lock
[2025-10-17 11:13:05] SEVERE [liquibase.integration] ORA-00955: имя уже задействовано для существующего объекта

liquibase.exception.CommandExecutionException: liquibase.exception.LiquibaseException: Unexpected error running Liquibase: Migration failed for change set 122/release-changelog.xml::122_BIQ-29457_create_dbdui_report_parts_dbt_tmp.sql::Loginov:
     Reason: liquibase.exception.DatabaseException: ORA-00955: имя уже задействовано для существующего объекта
 [Failed SQL: (955) CREATE GLOBAL TEMPORARY TABLE dbdui_report_parts_dbt
(
    part_id  INTEGER,
    json_part CLOB
) ON COMMIT PRESERVE ROWS]
	at liquibase.command.CommandScope.execute(CommandScope.java:163)
	at liquibase.integration.commandline.CommandRunner.call(CommandRunner.java:51)
	at liquibase.integration.commandline.CommandRunner.call(CommandRunner.java:21)
	at picocli.CommandLine.executeUserObject(CommandLine.java:1953)
	at picocli.CommandLine.access$1300(CommandLine.java:145)
	at picocli.CommandLine$RunLast.executeUserObjectOfLastSubcommandWithSameParent(CommandLine.java:2352)
	at picocli.CommandLine$RunLast.handle(CommandLine.java:2346)
	at picocli.CommandLine$RunLast.handle(CommandLine.java:2311)
	at picocli.CommandLine$AbstractParseResultHandler.execute(CommandLine.java:2179)
	at picocli.CommandLine.execute(CommandLine.java:2078)
	at liquibase.integration.commandline.LiquibaseCommandLine.lambda$execute$1(LiquibaseCommandLine.java:325)
	at liquibase.Scope.child(Scope.java:189)
	at liquibase.Scope.child(Scope.java:165)
	at liquibase.integration.commandline.LiquibaseCommandLine.execute(LiquibaseCommandLine.java:291)
	at liquibase.integration.commandline.LiquibaseCommandLine.main(LiquibaseCommandLine.java:80)
Caused by: liquibase.exception.LiquibaseException: Unexpected error running Liquibase: Migration failed for change set 122/release-changelog.xml::122_BIQ-29457_create_dbdui_report_parts_dbt_tmp.sql::Loginov:
     Reason: liquibase.exception.DatabaseException: ORA-00955: имя уже задействовано для существующего объекта
 [Failed SQL: (955) CREATE GLOBAL TEMPORARY TABLE dbdui_report_parts_dbt
(
    part_id  INTEGER,
    json_part CLOB
) ON COMMIT PRESERVE ROWS]
	at liquibase.integration.commandline.Main$1.run(Main.java:443)
	at liquibase.integration.commandline.Main$1.run(Main.java:221)
	at liquibase.Scope.child(Scope.java:189)
	at liquibase.Scope.child(Scope.java:165)
	at liquibase.integration.commandline.Main.run(Main.java:221)
	at liquibase.command.AbstractCliWrapperCommandStep.run(AbstractCliWrapperCommandStep.java:32)
	at liquibase.command.CommandScope.execute(CommandScope.java:157)
	... 14 more
Caused by: liquibase.exception.LiquibaseException: liquibase.exception.MigrationFailedException: Migration failed for change set 122/release-changelog.xml::122_BIQ-29457_create_dbdui_report_parts_dbt_tmp.sql::Loginov:
     Reason: liquibase.exception.DatabaseException: ORA-00955: имя уже задействовано для существующего объекта
 [Failed SQL: (955) CREATE GLOBAL TEMPORARY TABLE dbdui_report_parts_dbt
(
    part_id  INTEGER,
    json_part CLOB
) ON COMMIT PRESERVE ROWS]
	at liquibase.changelog.ChangeLogIterator.run(ChangeLogIterator.java:126)
	at liquibase.Liquibase.lambda$null$0(Liquibase.java:265)
	at liquibase.Scope.lambda$child$0(Scope.java:180)
	at liquibase.Scope.child(Scope.java:189)
	at liquibase.Scope.child(Scope.java:179)
	at liquibase.Scope.child(Scope.java:158)
	at liquibase.Scope.child(Scope.java:243)
	at liquibase.Liquibase.lambda$update$1(Liquibase.java:264)
	at liquibase.Scope.lambda$child$0(Scope.java:180)
	at liquibase.Scope.child(Scope.java:189)
	at liquibase.Scope.child(Scope.java:179)
	at liquibase.Scope.child(Scope.java:158)
	at liquibase.Liquibase.runInScope(Liquibase.java:2405)
	at liquibase.Liquibase.update(Liquibase.java:211)
	at liquibase.Liquibase.update(Liquibase.java:197)
	at liquibase.integration.commandline.Main.doMigration(Main.java:1870)
	at liquibase.integration.commandline.Main$1.lambda$run$0(Main.java:398)
	at liquibase.Scope.lambda$child$0(Scope.java:180)
	at liquibase.Scope.child(Scope.java:189)
	at liquibase.Scope.child(Scope.java:179)
	at liquibase.Scope.child(Scope.java:158)
	at liquibase.integration.commandline.Main$1.run(Main.java:397)
	... 20 more
Caused by: liquibase.exception.MigrationFailedException: Migration failed for change set 122/release-changelog.xml::122_BIQ-29457_create_dbdui_report_parts_dbt_tmp.sql::Loginov:
     Reason: liquibase.exception.DatabaseException: ORA-00955: имя уже задействовано для существующего объекта
 [Failed SQL: (955) CREATE GLOBAL TEMPORARY TABLE dbdui_report_parts_dbt
(
    part_id  INTEGER,
    json_part CLOB
) ON COMMIT PRESERVE ROWS]
	at liquibase.changelog.ChangeSet.execute(ChangeSet.java:696)
	at liquibase.changelog.visitor.UpdateVisitor.visit(UpdateVisitor.java:56)
	at liquibase.changelog.ChangeLogIterator$2.lambda$null$0(ChangeLogIterator.java:113)
	at liquibase.Scope.lambda$child$0(Scope.java:180)
	at liquibase.Scope.child(Scope.java:189)
	at liquibase.Scope.child(Scope.java:179)
	at liquibase.Scope.child(Scope.java:158)
	at liquibase.changelog.ChangeLogIterator$2.lambda$run$1(ChangeLogIterator.java:112)
	at liquibase.Scope.lambda$child$0(Scope.java:180)
	at liquibase.Scope.child(Scope.java:189)
	at liquibase.Scope.child(Scope.java:179)
	at liquibase.Scope.child(Scope.java:158)
	at liquibase.Scope.child(Scope.java:243)
	at liquibase.changelog.ChangeLogIterator$2.run(ChangeLogIterator.java:93)
	at liquibase.Scope.lambda$child$0(Scope.java:180)
	at liquibase.Scope.child(Scope.java:189)
	at liquibase.Scope.child(Scope.java:179)
	at liquibase.Scope.child(Scope.java:158)
	at liquibase.Scope.child(Scope.java:243)
	at liquibase.Scope.child(Scope.java:247)
	at liquibase.changelog.ChangeLogIterator.run(ChangeLogIterator.java:65)
	... 41 more
Caused by: liquibase.exception.DatabaseException: ORA-00955: имя уже задействовано для существующего объекта
 [Failed SQL: (955) CREATE GLOBAL TEMPORARY TABLE dbdui_report_parts_dbt
(
    part_id  INTEGER,
    json_part CLOB
) ON COMMIT PRESERVE ROWS]
	at liquibase.executor.jvm.JdbcExecutor$ExecuteStatementCallback.doInStatement(JdbcExecutor.java:397)
	at liquibase.executor.jvm.JdbcExecutor.execute(JdbcExecutor.java:83)
	at liquibase.executor.jvm.JdbcExecutor.execute(JdbcExecutor.java:151)
	at liquibase.database.AbstractJdbcDatabase.execute(AbstractJdbcDatabase.java:1279)
	at liquibase.database.AbstractJdbcDatabase.executeStatements(AbstractJdbcDatabase.java:1261)
	at liquibase.changelog.ChangeSet.execute(ChangeSet.java:661)
	... 61 more
Caused by: java.sql.SQLSyntaxErrorException: ORA-00955: имя уже задействовано для существующего объекта

	at oracle.jdbc.driver.T4CTTIoer11.processError(T4CTTIoer11.java:494)
	at oracle.jdbc.driver.T4CTTIoer11.processError(T4CTTIoer11.java:446)
	at oracle.jdbc.driver.T4C8Oall.processError(T4C8Oall.java:1052)
	at oracle.jdbc.driver.T4CTTIfun.receive(T4CTTIfun.java:537)
	at oracle.jdbc.driver.T4CTTIfun.doRPC(T4CTTIfun.java:255)
	at oracle.jdbc.driver.T4C8Oall.doOALL(T4C8Oall.java:610)
	at oracle.jdbc.driver.T4CStatement.doOall8(T4CStatement.java:213)
	at oracle.jdbc.driver.T4CStatement.doOall8(T4CStatement.java:37)
	at oracle.jdbc.driver.T4CStatement.executeForRows(T4CStatement.java:887)
	at oracle.jdbc.driver.OracleStatement.doExecuteWithTimeout(OracleStatement.java:1136)
	at oracle.jdbc.driver.OracleStatement.executeInternal(OracleStatement.java:1754)
	at oracle.jdbc.driver.OracleStatement.execute(OracleStatement.java:1709)
	at oracle.jdbc.driver.OracleStatementWrapper.execute(OracleStatementWrapper.java:300)
	at liquibase.executor.jvm.JdbcExecutor$ExecuteStatementCallback.doInStatement(JdbcExecutor.java:393)
	... 66 more
Caused by: Error : 955, Position : 30, Sql = CREATE GLOBAL TEMPORARY TABLE dbdui_report_parts_dbt
(
    part_id  INTEGER,
    json_part CLOB
) ON COMMIT PRESERVE ROWS, OriginalSql = CREATE GLOBAL TEMPORARY TABLE dbdui_report_parts_dbt
(
    part_id  INTEGER,
    json_part CLOB
) ON COMMIT PRESERVE ROWS, Error Msg = ORA-00955: имя уже задействовано для существующего объекта

	at oracle.jdbc.driver.T4CTTIoer11.processError(T4CTTIoer11.java:498)
	... 79 more

[2025-10-17 11:14:29] INFO [liquibase.lockservice] Successfully acquired change log lock
[2025-10-17 11:14:30] INFO [liquibase.changelog] Reading from RSHB_SOFR_DEBUG.DATABASECHANGELOG
[2025-10-17 11:14:31] INFO [liquibase.lockservice] Successfully released change log lock
[2025-10-17 13:49:15] INFO [liquibase.lockservice] Successfully acquired change log lock
[2025-10-17 13:49:16] INFO [liquibase.changelog] Reading from RSHB_SOFR_DEBUG.DATABASECHANGELOG
[2025-10-17 13:49:17] INFO [liquibase.lockservice] Successfully released change log lock
[2025-10-17 16:04:07] INFO [liquibase.lockservice] Successfully acquired change log lock
[2025-10-17 16:04:08] INFO [liquibase.changelog] Reading from RSHB_SOFR_DEBUG.DATABASECHANGELOG
[2025-10-17 16:04:09] INFO [liquibase.lockservice] Successfully released change log lock
[2025-10-20 12:42:13] INFO [liquibase.lockservice] Successfully acquired change log lock
[2025-10-20 12:42:14] INFO [liquibase.changelog] Reading from RSHB_SOFR_DEBUG.DATABASECHANGELOG
[2025-10-20 12:42:14] INFO [liquibase.lockservice] Successfully released change log lock
[2025-10-20 12:42:14] SEVERE [liquibase.integration] Validation Failed:
     1 change sets check sum
          122/release-changelog.xml::122_BIQ-29457_create_dbdui_report_parts_dbt_tmp.sql::Loginov was: 8:86f298ee2258ae3d8123a76eee489961 but is now: 8:21e54431b99310871d9023130e5e7172

liquibase.exception.CommandExecutionException: liquibase.exception.LiquibaseException: Unexpected error running Liquibase: Validation Failed:
     1 change sets check sum
          122/release-changelog.xml::122_BIQ-29457_create_dbdui_report_parts_dbt_tmp.sql::Loginov was: 8:86f298ee2258ae3d8123a76eee489961 but is now: 8:21e54431b99310871d9023130e5e7172

	at liquibase.command.CommandScope.execute(CommandScope.java:163)
	at liquibase.integration.commandline.CommandRunner.call(CommandRunner.java:51)
	at liquibase.integration.commandline.CommandRunner.call(CommandRunner.java:21)
	at picocli.CommandLine.executeUserObject(CommandLine.java:1953)
	at picocli.CommandLine.access$1300(CommandLine.java:145)
	at picocli.CommandLine$RunLast.executeUserObjectOfLastSubcommandWithSameParent(CommandLine.java:2352)
	at picocli.CommandLine$RunLast.handle(CommandLine.java:2346)
	at picocli.CommandLine$RunLast.handle(CommandLine.java:2311)
	at picocli.CommandLine$AbstractParseResultHandler.execute(CommandLine.java:2179)
	at picocli.CommandLine.execute(CommandLine.java:2078)
	at liquibase.integration.commandline.LiquibaseCommandLine.lambda$execute$1(LiquibaseCommandLine.java:325)
	at liquibase.Scope.child(Scope.java:189)
	at liquibase.Scope.child(Scope.java:165)
	at liquibase.integration.commandline.LiquibaseCommandLine.execute(LiquibaseCommandLine.java:291)
	at liquibase.integration.commandline.LiquibaseCommandLine.main(LiquibaseCommandLine.java:80)
Caused by: liquibase.exception.LiquibaseException: Unexpected error running Liquibase: Validation Failed:
     1 change sets check sum
          122/release-changelog.xml::122_BIQ-29457_create_dbdui_report_parts_dbt_tmp.sql::Loginov was: 8:86f298ee2258ae3d8123a76eee489961 but is now: 8:21e54431b99310871d9023130e5e7172

	at liquibase.integration.commandline.Main$1.run(Main.java:443)
	at liquibase.integration.commandline.Main$1.run(Main.java:221)
	at liquibase.Scope.child(Scope.java:189)
	at liquibase.Scope.child(Scope.java:165)
	at liquibase.integration.commandline.Main.run(Main.java:221)
	at liquibase.command.AbstractCliWrapperCommandStep.run(AbstractCliWrapperCommandStep.java:32)
	at liquibase.command.CommandScope.execute(CommandScope.java:157)
	... 14 more
Caused by: liquibase.exception.ValidationFailedException: Validation Failed:
     1 change sets check sum
          122/release-changelog.xml::122_BIQ-29457_create_dbdui_report_parts_dbt_tmp.sql::Loginov was: 8:86f298ee2258ae3d8123a76eee489961 but is now: 8:21e54431b99310871d9023130e5e7172

	at liquibase.changelog.DatabaseChangeLog.validate(DatabaseChangeLog.java:296)
	at liquibase.Liquibase.lambda$update$1(Liquibase.java:231)
	at liquibase.Scope.lambda$child$0(Scope.java:180)
	at liquibase.Scope.child(Scope.java:189)
	at liquibase.Scope.child(Scope.java:179)
	at liquibase.Scope.child(Scope.java:158)
	at liquibase.Liquibase.runInScope(Liquibase.java:2405)
	at liquibase.Liquibase.update(Liquibase.java:211)
	at liquibase.Liquibase.update(Liquibase.java:197)
	at liquibase.integration.commandline.Main.doMigration(Main.java:1870)
	at liquibase.integration.commandline.Main$1.lambda$run$0(Main.java:398)
	at liquibase.Scope.lambda$child$0(Scope.java:180)
	at liquibase.Scope.child(Scope.java:189)
	at liquibase.Scope.child(Scope.java:179)
	at liquibase.Scope.child(Scope.java:158)
	at liquibase.integration.commandline.Main$1.run(Main.java:397)
	... 20 more

[2025-10-20 12:42:29] INFO [liquibase.lockservice] Successfully acquired change log lock
[2025-10-20 12:42:30] INFO [liquibase.changelog] Reading from RSHB_SOFR_DEBUG.DATABASECHANGELOG
[2025-10-20 12:42:31] INFO [liquibase.lockservice] Successfully released change log lock
[2025-10-20 12:42:31] SEVERE [liquibase.integration] Validation Failed:
     1 change sets check sum
          122/release-changelog.xml::122_BIQ-29457_create_dbdui_report_parts_dbt_tmp.sql::Loginov was: 8:86f298ee2258ae3d8123a76eee489961 but is now: 8:21e54431b99310871d9023130e5e7172

liquibase.exception.CommandExecutionException: liquibase.exception.LiquibaseException: Unexpected error running Liquibase: Validation Failed:
     1 change sets check sum
          122/release-changelog.xml::122_BIQ-29457_create_dbdui_report_parts_dbt_tmp.sql::Loginov was: 8:86f298ee2258ae3d8123a76eee489961 but is now: 8:21e54431b99310871d9023130e5e7172

	at liquibase.command.CommandScope.execute(CommandScope.java:163)
	at liquibase.integration.commandline.CommandRunner.call(CommandRunner.java:51)
	at liquibase.integration.commandline.CommandRunner.call(CommandRunner.java:21)
	at picocli.CommandLine.executeUserObject(CommandLine.java:1953)
	at picocli.CommandLine.access$1300(CommandLine.java:145)
	at picocli.CommandLine$RunLast.executeUserObjectOfLastSubcommandWithSameParent(CommandLine.java:2352)
	at picocli.CommandLine$RunLast.handle(CommandLine.java:2346)
	at picocli.CommandLine$RunLast.handle(CommandLine.java:2311)
	at picocli.CommandLine$AbstractParseResultHandler.execute(CommandLine.java:2179)
	at picocli.CommandLine.execute(CommandLine.java:2078)
	at liquibase.integration.commandline.LiquibaseCommandLine.lambda$execute$1(LiquibaseCommandLine.java:325)
	at liquibase.Scope.child(Scope.java:189)
	at liquibase.Scope.child(Scope.java:165)
	at liquibase.integration.commandline.LiquibaseCommandLine.execute(LiquibaseCommandLine.java:291)
	at liquibase.integration.commandline.LiquibaseCommandLine.main(LiquibaseCommandLine.java:80)
Caused by: liquibase.exception.LiquibaseException: Unexpected error running Liquibase: Validation Failed:
     1 change sets check sum
          122/release-changelog.xml::122_BIQ-29457_create_dbdui_report_parts_dbt_tmp.sql::Loginov was: 8:86f298ee2258ae3d8123a76eee489961 but is now: 8:21e54431b99310871d9023130e5e7172

	at liquibase.integration.commandline.Main$1.run(Main.java:443)
	at liquibase.integration.commandline.Main$1.run(Main.java:221)
	at liquibase.Scope.child(Scope.java:189)
	at liquibase.Scope.child(Scope.java:165)
	at liquibase.integration.commandline.Main.run(Main.java:221)
	at liquibase.command.AbstractCliWrapperCommandStep.run(AbstractCliWrapperCommandStep.java:32)
	at liquibase.command.CommandScope.execute(CommandScope.java:157)
	... 14 more
Caused by: liquibase.exception.ValidationFailedException: Validation Failed:
     1 change sets check sum
          122/release-changelog.xml::122_BIQ-29457_create_dbdui_report_parts_dbt_tmp.sql::Loginov was: 8:86f298ee2258ae3d8123a76eee489961 but is now: 8:21e54431b99310871d9023130e5e7172

	at liquibase.changelog.DatabaseChangeLog.validate(DatabaseChangeLog.java:296)
	at liquibase.Liquibase.lambda$update$1(Liquibase.java:231)
	at liquibase.Scope.lambda$child$0(Scope.java:180)
	at liquibase.Scope.child(Scope.java:189)
	at liquibase.Scope.child(Scope.java:179)
	at liquibase.Scope.child(Scope.java:158)
	at liquibase.Liquibase.runInScope(Liquibase.java:2405)
	at liquibase.Liquibase.update(Liquibase.java:211)
	at liquibase.Liquibase.update(Liquibase.java:197)
	at liquibase.integration.commandline.Main.doMigration(Main.java:1870)
	at liquibase.integration.commandline.Main$1.lambda$run$0(Main.java:398)
	at liquibase.Scope.lambda$child$0(Scope.java:180)
	at liquibase.Scope.child(Scope.java:189)
	at liquibase.Scope.child(Scope.java:179)
	at liquibase.Scope.child(Scope.java:158)
	at liquibase.integration.commandline.Main$1.run(Main.java:397)
	... 20 more

[2025-10-20 12:46:14] INFO [liquibase.lockservice] Successfully acquired change log lock
[2025-10-20 12:46:15] INFO [liquibase.changelog] Reading from RSHB_SOFR_DEBUG.DATABASECHANGELOG
[2025-10-20 12:46:16] INFO [liquibase.lockservice] Successfully released change log lock
[2025-10-20 12:46:48] INFO [liquibase.lockservice] Successfully acquired change log lock
[2025-10-20 12:46:49] INFO [liquibase.changelog] Reading from RSHB_SOFR_DEBUG.DATABASECHANGELOG
[2025-10-20 12:46:50] INFO [liquibase.lockservice] Successfully released change log lock
[2025-10-20 14:17:41] INFO [liquibase.lockservice] Successfully acquired change log lock
[2025-10-20 14:17:41] INFO [liquibase.changelog] Reading from RSHB_SOFR_DEBUG.DATABASECHANGELOG
[2025-10-20 14:17:43] INFO [liquibase.changelog] SQL in file ./dbObjectsDistr/it_checklimitreport.pkb executed
[2025-10-20 14:17:43] INFO [liquibase.changelog] ChangeSet dbObjectsDistr/dbobjectsdistr-changelog.xml::it_checklimitreport.pkb::Loginov ran successfully in 591ms
[2025-10-20 14:17:43] INFO [liquibase.lockservice] Successfully released change log lock
[2025-10-20 14:18:10] INFO [liquibase.lockservice] Successfully acquired change log lock
[2025-10-20 14:18:11] INFO [liquibase.changelog] Reading from RSHB_SOFR_DEBUG.DATABASECHANGELOG
[2025-10-20 14:18:12] INFO [liquibase.lockservice] Successfully released change log lock
[2025-10-21 12:09:55] INFO [liquibase.lockservice] Successfully acquired change log lock
[2025-10-21 12:09:56] INFO [liquibase.changelog] Reading from RSHB_SOFR_DEBUG.DATABASECHANGELOG
[2025-10-21 12:09:58] INFO [liquibase.lockservice] Successfully released change log lock
[2025-10-22 11:15:43] INFO [liquibase.lockservice] Successfully acquired change log lock
[2025-10-22 11:15:45] INFO [liquibase.changelog] Reading from RSHB_SOFR_DEBUG.DATABASECHANGELOG
[2025-10-22 11:15:46] INFO [liquibase.lockservice] Successfully released change log lock
[2025-10-22 12:27:15] INFO [liquibase.lockservice] Successfully acquired change log lock
[2025-10-22 12:27:16] INFO [liquibase.changelog] Reading from RSHB_SOFR_DEBUG.DATABASECHANGELOG
[2025-10-22 12:27:17] INFO [liquibase.lockservice] Successfully released change log lock
[2025-10-22 12:49:45] INFO [liquibase.lockservice] Successfully acquired change log lock
[2025-10-22 12:49:46] INFO [liquibase.changelog] Reading from RSHB_SOFR_DEBUG.DATABASECHANGELOG
[2025-10-22 12:49:47] INFO [liquibase.lockservice] Successfully released change log lock
[2025-10-22 15:45:12] INFO [liquibase.lockservice] Successfully acquired change log lock
[2025-10-22 15:45:13] INFO [liquibase.changelog] Reading from RSHB_SOFR_DEBUG.DATABASECHANGELOG
[2025-10-22 16:04:35] INFO [liquibase.lockservice] Waiting for changelog lock....
[2025-10-22 16:06:57] INFO [liquibase.lockservice] Successfully acquired change log lock
[2025-10-22 16:06:58] INFO [liquibase.changelog] Reading from RSHB_SOFR_DEBUG.DATABASECHANGELOG
[2025-10-22 16:06:59] INFO [liquibase.lockservice] Successfully released change log lock
[2025-10-23 11:20:39] INFO [liquibase.lockservice] Successfully acquired change log lock
[2025-10-23 11:20:40] INFO [liquibase.changelog] Reading from RSHB_SOFR_DEBUG.DATABASECHANGELOG
[2025-10-23 11:20:41] INFO [liquibase.lockservice] Successfully released change log lock
[2025-10-23 16:53:28] INFO [liquibase.lockservice] Successfully acquired change log lock
[2025-10-23 16:53:29] INFO [liquibase.changelog] Reading from RSHB_SOFR_DEBUG.DATABASECHANGELOG
[2025-10-23 16:53:30] INFO [liquibase.lockservice] Successfully released change log lock
[2025-10-23 16:57:48] INFO [liquibase.lockservice] Successfully acquired change log lock
[2025-10-23 16:57:49] INFO [liquibase.changelog] Reading from RSHB_SOFR_DEBUG.DATABASECHANGELOG
[2025-10-23 16:57:50] INFO [liquibase.lockservice] Successfully released change log lock
[2025-10-24 10:26:48] INFO [liquibase.lockservice] Successfully acquired change log lock
[2025-10-24 10:26:49] INFO [liquibase.changelog] Reading from RSHB_SOFR_DEBUG.DATABASECHANGELOG
[2025-10-24 10:26:50] INFO [liquibase.lockservice] Successfully released change log lock
[2025-10-24 10:28:41] INFO [liquibase.lockservice] Successfully acquired change log lock
[2025-10-24 10:28:42] INFO [liquibase.changelog] Reading from RSHB_SOFR_DEBUG.DATABASECHANGELOG
[2025-10-24 10:28:43] INFO [liquibase.lockservice] Successfully released change log lock
[2025-10-24 16:37:48] INFO [liquibase.lockservice] Successfully acquired change log lock
[2025-10-24 16:37:49] INFO [liquibase.changelog] Reading from RSHB_SOFR_DEBUG.DATABASECHANGELOG
[2025-10-24 16:37:49] INFO [liquibase.lockservice] Successfully released change log lock
[2025-10-24 16:43:37] INFO [liquibase.lockservice] Successfully acquired change log lock
[2025-10-24 16:43:38] INFO [liquibase.changelog] Reading from RSHB_SOFR_DEBUG.DATABASECHANGELOG
[2025-10-24 16:43:39] INFO [liquibase.lockservice] Successfully released change log lock
[2025-10-24 16:43:52] INFO [liquibase.lockservice] Successfully acquired change log lock
[2025-10-24 16:43:53] INFO [liquibase.changelog] Reading from RSHB_SOFR_DEBUG.DATABASECHANGELOG
[2025-10-24 16:43:53] INFO [liquibase.lockservice] Successfully released change log lock
[2025-10-24 16:45:41] INFO [liquibase.lockservice] Successfully acquired change log lock
[2025-10-24 16:45:42] INFO [liquibase.changelog] Reading from RSHB_SOFR_DEBUG.DATABASECHANGELOG
[2025-10-24 16:45:43] INFO [liquibase.lockservice] Successfully released change log lock
[2025-10-24 16:46:35] INFO [liquibase.lockservice] Successfully acquired change log lock
[2025-10-24 16:46:36] INFO [liquibase.changelog] Reading from RSHB_SOFR_DEBUG.DATABASECHANGELOG
[2025-10-24 16:46:37] INFO [liquibase.lockservice] Successfully released change log lock
[2025-10-24 16:48:16] INFO [liquibase.lockservice] Successfully acquired change log lock
[2025-10-24 16:48:17] INFO [liquibase.changelog] Reading from RSHB_SOFR_DEBUG.DATABASECHANGELOG
[2025-10-24 16:48:17] INFO [liquibase.lockservice] Successfully released change log lock
[2025-10-24 16:52:08] INFO [liquibase.lockservice] Successfully acquired change log lock
[2025-10-24 16:52:09] INFO [liquibase.changelog] Reading from RSHB_SOFR_DEBUG.DATABASECHANGELOG
[2025-10-24 16:52:10] INFO [liquibase.lockservice] Successfully released change log lock
[2025-10-24 16:52:25] INFO [liquibase.lockservice] Successfully acquired change log lock
[2025-10-24 16:52:26] INFO [liquibase.changelog] Reading from RSHB_SOFR_DEBUG.DATABASECHANGELOG
[2025-10-24 16:52:27] INFO [liquibase.lockservice] Successfully released change log lock
[2025-10-24 16:53:22] INFO [liquibase.lockservice] Successfully acquired change log lock
[2025-10-24 16:53:24] INFO [liquibase.changelog] Reading from RSHB_SOFR_DEBUG.DATABASECHANGELOG
[2025-10-24 16:53:24] INFO [liquibase.lockservice] Successfully released change log lock
[2025-10-24 16:54:31] INFO [liquibase.lockservice] Successfully acquired change log lock
[2025-10-24 16:54:32] INFO [liquibase.changelog] Reading from RSHB_SOFR_DEBUG.DATABASECHANGELOG
[2025-10-24 16:54:33] INFO [liquibase.lockservice] Successfully released change log lock
[2025-10-25 14:30:17] INFO [liquibase.lockservice] Successfully acquired change log lock
[2025-10-25 14:30:18] INFO [liquibase.changelog] Reading from RSHB_SOFR_DEBUG.DATABASECHANGELOG
[2025-10-25 14:30:19] INFO [liquibase.lockservice] Successfully released change log lock
[2025-10-25 15:30:10] INFO [liquibase.lockservice] Successfully acquired change log lock
[2025-10-25 15:30:11] INFO [liquibase.changelog] Reading from RSHB_SOFR_DEBUG.DATABASECHANGELOG
[2025-10-25 15:30:12] INFO [liquibase.lockservice] Successfully released change log lock
[2025-10-26 14:30:17] INFO [liquibase.lockservice] Successfully acquired change log lock
[2025-10-26 14:30:21] INFO [liquibase.changelog] Reading from RSHB_SOFR_DEBUG.DATABASECHANGELOG
[2025-10-26 14:30:21] INFO [liquibase.lockservice] Successfully released change log lock
[2025-10-26 15:30:10] INFO [liquibase.lockservice] Successfully acquired change log lock
[2025-10-26 15:30:11] INFO [liquibase.changelog] Reading from RSHB_SOFR_DEBUG.DATABASECHANGELOG
[2025-10-26 15:30:12] INFO [liquibase.lockservice] Successfully released change log lock
[2025-10-27 11:08:32] INFO [liquibase.lockservice] Successfully acquired change log lock
[2025-10-27 11:08:34] INFO [liquibase.changelog] Reading from RSHB_SOFR_DEBUG.DATABASECHANGELOG
[2025-10-27 11:08:35] INFO [liquibase.lockservice] Successfully released change log lock
[2025-10-27 11:52:21] INFO [liquibase.lockservice] Successfully acquired change log lock
[2025-10-27 11:52:22] INFO [liquibase.changelog] Reading from RSHB_SOFR_DEBUG.DATABASECHANGELOG
[2025-10-27 11:52:23] INFO [liquibase.lockservice] Successfully released change log lock
[2025-10-27 12:25:18] INFO [liquibase.lockservice] Successfully acquired change log lock
[2025-10-27 12:25:19] INFO [liquibase.changelog] Reading from RSHB_SOFR_DEBUG.DATABASECHANGELOG
[2025-10-27 12:25:20] INFO [liquibase.lockservice] Successfully released change log lock
[2025-10-27 12:26:48] INFO [liquibase.lockservice] Successfully acquired change log lock
[2025-10-27 12:26:48] INFO [liquibase.changelog] Reading from RSHB_SOFR_DEBUG.DATABASECHANGELOG
[2025-10-27 12:26:49] INFO [liquibase.lockservice] Successfully released change log lock
[2025-10-27 12:50:34] INFO [liquibase.lockservice] Successfully acquired change log lock
[2025-10-27 12:50:35] INFO [liquibase.changelog] Reading from RSHB_SOFR_DEBUG.DATABASECHANGELOG
[2025-10-27 12:50:36] INFO [liquibase.lockservice] Successfully released change log lock
[2025-10-27 17:37:33] INFO [liquibase.lockservice] Successfully acquired change log lock
[2025-10-27 17:37:34] INFO [liquibase.changelog] Reading from RSHB_SOFR_DEBUG.DATABASECHANGELOG
[2025-10-27 17:37:35] INFO [liquibase.lockservice] Successfully released change log lock
[2025-10-27 17:37:49] INFO [liquibase.lockservice] Successfully acquired change log lock
[2025-10-27 17:37:50] INFO [liquibase.changelog] Reading from RSHB_SOFR_DEBUG.DATABASECHANGELOG
[2025-10-27 17:37:51] INFO [liquibase.lockservice] Successfully released change log lock
[2025-10-28 10:28:16] INFO [liquibase.lockservice] Successfully acquired change log lock
[2025-10-28 10:28:17] INFO [liquibase.changelog] Reading from RSHB_SOFR_DEBUG.DATABASECHANGELOG
[2025-10-28 10:28:18] INFO [liquibase.lockservice] Successfully released change log lock
[2025-10-28 13:17:30] INFO [liquibase.lockservice] Successfully acquired change log lock
[2025-10-28 13:17:32] INFO [liquibase.changelog] Reading from RSHB_SOFR_DEBUG.DATABASECHANGELOG
[2025-10-28 13:17:33] INFO [liquibase.lockservice] Successfully released change log lock
[2025-10-29 13:42:20] INFO [liquibase.lockservice] Successfully acquired change log lock
[2025-10-29 13:42:23] INFO [liquibase.changelog] Reading from RSHB_SOFR_DEBUG.DATABASECHANGELOG
[2025-10-29 13:42:24] INFO [liquibase.lockservice] Successfully released change log lock
[2025-10-30 14:01:05] INFO [liquibase.lockservice] Successfully acquired change log lock
[2025-10-30 14:01:06] INFO [liquibase.changelog] Reading from RSHB_SOFR_DEBUG.DATABASECHANGELOG
[2025-10-30 14:01:07] INFO [liquibase.lockservice] Successfully released change log lock
[2025-10-31 10:48:42] INFO [liquibase.lockservice] Successfully acquired change log lock
[2025-10-31 10:48:45] INFO [liquibase.changelog] Reading from RSHB_SOFR_DEBUG.DATABASECHANGELOG
[2025-10-31 10:48:46] INFO [liquibase.lockservice] Successfully released change log lock
[2025-11-01 14:16:35] INFO [liquibase.lockservice] Successfully acquired change log lock
[2025-11-01 14:16:36] INFO [liquibase.changelog] Reading from RSHB_SOFR_DEBUG.DATABASECHANGELOG
[2025-11-01 14:16:37] INFO [liquibase.lockservice] Successfully released change log lock
[2025-11-05 10:49:12] INFO [liquibase.lockservice] Successfully acquired change log lock
[2025-11-05 10:49:13] INFO [liquibase.changelog] Reading from RSHB_SOFR_DEBUG.DATABASECHANGELOG
[2025-11-05 10:49:14] INFO [liquibase.lockservice] Successfully released change log lock
[2025-11-05 10:51:21] INFO [liquibase.lockservice] Successfully acquired change log lock
[2025-11-05 10:51:23] INFO [liquibase.changelog] Reading from RSHB_SOFR_DEBUG.DATABASECHANGELOG
[2025-11-05 10:51:23] INFO [liquibase.lockservice] Successfully released change log lock
[2025-11-05 10:57:18] INFO [liquibase.lockservice] Successfully acquired change log lock
[2025-11-05 10:57:19] INFO [liquibase.changelog] Reading from RSHB_SOFR_DEBUG.DATABASECHANGELOG
[2025-11-05 10:57:20] INFO [liquibase.lockservice] Successfully released change log lock
[2025-11-05 10:57:32] INFO [liquibase.lockservice] Successfully acquired change log lock
[2025-11-05 10:57:34] INFO [liquibase.changelog] Reading from RSHB_SOFR_DEBUG.DATABASECHANGELOG
[2025-11-05 10:57:36] INFO [liquibase.lockservice] Successfully released change log lock
[2025-11-05 11:12:47] INFO [liquibase.lockservice] Successfully acquired change log lock
[2025-11-05 11:12:48] INFO [liquibase.changelog] Reading from RSHB_SOFR_DEBUG.DATABASECHANGELOG
[2025-11-05 11:12:49] INFO [liquibase.lockservice] Successfully released change log lock
[2025-11-05 11:28:12] INFO [liquibase.lockservice] Successfully acquired change log lock
[2025-11-05 11:28:13] INFO [liquibase.changelog] Reading from RSHB_SOFR_DEBUG.DATABASECHANGELOG
[2025-11-05 11:28:14] INFO [liquibase.lockservice] Successfully released change log lock
[2025-11-05 11:30:03] INFO [liquibase.lockservice] Successfully acquired change log lock
[2025-11-05 11:30:04] INFO [liquibase.changelog] Reading from RSHB_SOFR_DEBUG.DATABASECHANGELOG
[2025-11-05 11:30:05] INFO [liquibase.lockservice] Successfully released change log lock
[2025-11-05 11:46:47] INFO [liquibase.lockservice] Successfully acquired change log lock
[2025-11-05 11:46:48] INFO [liquibase.changelog] Reading from RSHB_SOFR_DEBUG.DATABASECHANGELOG
[2025-11-05 11:46:49] INFO [liquibase.lockservice] Successfully released change log lock
[2025-11-05 11:48:13] INFO [liquibase.lockservice] Successfully acquired change log lock
[2025-11-05 11:48:14] INFO [liquibase.changelog] Reading from RSHB_SOFR_DEBUG.DATABASECHANGELOG
[2025-11-05 11:48:15] INFO [liquibase.lockservice] Successfully released change log lock
[2025-11-05 15:52:50] INFO [liquibase.lockservice] Successfully acquired change log lock
[2025-11-05 15:52:51] INFO [liquibase.changelog] Reading from RSHB_SOFR_DEBUG.DATABASECHANGELOG
[2025-11-05 15:52:52] INFO [liquibase.lockservice] Successfully released change log lock
[2025-11-06 14:00:43] INFO [liquibase.lockservice] Successfully acquired change log lock
[2025-11-06 14:00:45] INFO [liquibase.changelog] Reading from RSHB_SOFR_DEBUG.DATABASECHANGELOG
[2025-11-06 14:00:46] INFO [liquibase.lockservice] Successfully released change log lock
[2025-11-07 09:37:12] INFO [liquibase.lockservice] Successfully acquired change log lock
[2025-11-07 09:37:13] INFO [liquibase.changelog] Reading from RSHB_SOFR_DEBUG.DATABASECHANGELOG
[2025-11-07 09:37:14] INFO [liquibase.lockservice] Successfully released change log lock
[2025-11-07 13:01:16] INFO [liquibase.lockservice] Successfully acquired change log lock
[2025-11-07 13:01:17] INFO [liquibase.changelog] Reading from RSHB_SOFR_DEBUG.DATABASECHANGELOG
[2025-11-07 13:01:19] INFO [liquibase.lockservice] Successfully released change log lock
[2025-11-10 11:19:45] INFO [liquibase.lockservice] Successfully acquired change log lock
[2025-11-10 11:19:47] INFO [liquibase.changelog] Reading from RSHB_SOFR_DEBUG.DATABASECHANGELOG
[2025-11-10 11:19:48] INFO [liquibase.lockservice] Successfully released change log lock
[2025-11-10 15:08:30] INFO [liquibase.lockservice] Successfully acquired change log lock
[2025-11-10 15:08:30] INFO [liquibase.changelog] Reading from RSHB_SOFR_DEBUG.DATABASECHANGELOG
[2025-11-10 15:08:31] INFO [liquibase.lockservice] Successfully released change log lock
[2025-11-10 15:08:55] INFO [liquibase.lockservice] Successfully acquired change log lock
[2025-11-10 15:08:56] INFO [liquibase.changelog] Reading from RSHB_SOFR_DEBUG.DATABASECHANGELOG
[2025-11-10 15:08:57] INFO [liquibase.lockservice] Successfully released change log lock
[2025-11-11 13:43:26] INFO [liquibase.lockservice] Successfully acquired change log lock
[2025-11-11 13:43:27] INFO [liquibase.changelog] Reading from RSHB_SOFR_DEBUG.DATABASECHANGELOG
[2025-11-11 13:43:28] INFO [liquibase.lockservice] Successfully released change log lock
[2025-11-11 13:43:39] INFO [liquibase.lockservice] Successfully acquired change log lock
[2025-11-11 13:43:40] INFO [liquibase.changelog] Reading from RSHB_SOFR_DEBUG.DATABASECHANGELOG
[2025-11-11 13:43:41] INFO [liquibase.lockservice] Successfully released change log lock
[2025-11-12 09:55:48] INFO [liquibase.lockservice] Successfully acquired change log lock
[2025-11-12 09:55:50] INFO [liquibase.changelog] Reading from RSHB_SOFR_DEBUG.DATABASECHANGELOG
[2025-11-12 09:55:50] INFO [liquibase.lockservice] Successfully released change log lock
[2025-11-12 10:04:30] INFO [liquibase.lockservice] Successfully acquired change log lock
[2025-11-12 10:04:31] INFO [liquibase.changelog] Reading from RSHB_SOFR_DEBUG.DATABASECHANGELOG
[2025-11-12 10:04:32] INFO [liquibase.lockservice] Successfully released change log lock
[2025-11-12 10:05:53] INFO [liquibase.lockservice] Successfully acquired change log lock
[2025-11-12 10:05:54] INFO [liquibase.changelog] Reading from RSHB_SOFR_DEBUG.DATABASECHANGELOG
[2025-11-12 10:05:55] INFO [liquibase.lockservice] Successfully released change log lock
[2025-11-12 12:55:42] INFO [liquibase.lockservice] Successfully acquired change log lock
[2025-11-12 12:55:44] INFO [liquibase.changelog] Reading from RSHB_SOFR_DEBUG.DATABASECHANGELOG
[2025-11-12 12:55:45] INFO [liquibase.lockservice] Successfully released change log lock
[2025-11-12 15:13:11] INFO [liquibase.lockservice] Successfully acquired change log lock
[2025-11-12 15:13:12] INFO [liquibase.changelog] Reading from RSHB_SOFR_DEBUG.DATABASECHANGELOG
[2025-11-12 15:13:13] INFO [liquibase.lockservice] Successfully released change log lock
[2025-11-12 15:13:28] INFO [liquibase.lockservice] Successfully acquired change log lock
[2025-11-12 15:13:29] INFO [liquibase.changelog] Reading from RSHB_SOFR_DEBUG.DATABASECHANGELOG
[2025-11-12 15:13:30] INFO [liquibase.lockservice] Successfully released change log lock
[2025-11-12 15:39:43] INFO [liquibase.lockservice] Successfully acquired change log lock
[2025-11-12 15:39:45] INFO [liquibase.changelog] Reading from RSHB_SOFR_DEBUG.DATABASECHANGELOG
[2025-11-12 15:39:46] INFO [liquibase.lockservice] Successfully released change log lock
[2025-11-12 17:24:39] INFO [liquibase.lockservice] Successfully acquired change log lock
[2025-11-12 17:24:40] INFO [liquibase.changelog] Reading from RSHB_SOFR_DEBUG.DATABASECHANGELOG
[2025-11-12 17:24:41] INFO [liquibase.lockservice] Successfully released change log lock
[2025-11-12 17:25:02] INFO [liquibase.lockservice] Successfully acquired change log lock
[2025-11-12 17:25:03] INFO [liquibase.changelog] Reading from RSHB_SOFR_DEBUG.DATABASECHANGELOG
[2025-11-12 17:25:04] INFO [liquibase.lockservice] Successfully released change log lock
[2025-11-13 13:56:41] INFO [liquibase.lockservice] Successfully acquired change log lock
[2025-11-13 13:56:43] INFO [liquibase.changelog] Reading from RSHB_SOFR_DEBUG.DATABASECHANGELOG
[2025-11-13 13:56:44] INFO [liquibase.lockservice] Successfully released change log lock
[2025-11-14 11:23:50] INFO [liquibase.lockservice] Successfully acquired change log lock
[2025-11-14 11:23:54] INFO [liquibase.changelog] Reading from RSHB_SOFR_DEBUG.DATABASECHANGELOG
[2025-11-14 11:23:55] INFO [liquibase.lockservice] Successfully released change log lock
[2025-11-14 14:13:16] INFO [liquibase.lockservice] Successfully acquired change log lock
[2025-11-14 14:13:17] INFO [liquibase.changelog] Reading from RSHB_SOFR_DEBUG.DATABASECHANGELOG
[2025-11-14 14:13:18] INFO [liquibase.lockservice] Successfully released change log lock
[2025-11-14 14:38:40] INFO [liquibase.lockservice] Successfully acquired change log lock
[2025-11-14 14:38:41] INFO [liquibase.changelog] Reading from RSHB_SOFR_DEBUG.DATABASECHANGELOG
[2025-11-14 14:38:42] INFO [liquibase.lockservice] Successfully released change log lock
[2025-11-14 14:58:57] INFO [liquibase.lockservice] Successfully acquired change log lock
[2025-11-14 14:58:58] INFO [liquibase.changelog] Reading from RSHB_SOFR_DEBUG.DATABASECHANGELOG
[2025-11-14 14:58:59] INFO [liquibase.lockservice] Successfully released change log lock
[2025-11-14 15:08:52] INFO [liquibase.lockservice] Successfully acquired change log lock
[2025-11-14 15:08:54] INFO [liquibase.changelog] Reading from RSHB_SOFR_DEBUG.DATABASECHANGELOG
[2025-11-14 15:08:55] INFO [liquibase.lockservice] Successfully released change log lock
[2025-11-14 15:40:38] INFO [liquibase.lockservice] Successfully acquired change log lock
[2025-11-14 15:40:38] INFO [liquibase.changelog] Reading from RSHB_SOFR_DEBUG.DATABASECHANGELOG
[2025-11-14 15:40:39] INFO [liquibase.lockservice] Successfully released change log lock
[2025-11-14 16:40:12] INFO [liquibase.lockservice] Successfully acquired change log lock
[2025-11-14 16:40:13] INFO [liquibase.changelog] Reading from RSHB_SOFR_DEBUG.DATABASECHANGELOG
[2025-11-14 16:40:13] INFO [liquibase.lockservice] Successfully released change log lock
[2025-11-14 16:47:10] INFO [liquibase.lockservice] Successfully acquired change log lock
[2025-11-14 16:47:11] INFO [liquibase.changelog] Reading from RSHB_SOFR_DEBUG.DATABASECHANGELOG
[2025-11-14 16:47:12] INFO [liquibase.lockservice] Successfully released change log lock
[2025-11-14 16:48:58] INFO [liquibase.lockservice] Successfully acquired change log lock
[2025-11-14 16:48:59] INFO [liquibase.changelog] Reading from RSHB_SOFR_DEBUG.DATABASECHANGELOG
[2025-11-14 16:49:00] INFO [liquibase.lockservice] Successfully released change log lock
[2025-11-14 16:59:43] INFO [liquibase.lockservice] Successfully acquired change log lock
[2025-11-14 16:59:44] INFO [liquibase.changelog] Reading from RSHB_SOFR_DEBUG.DATABASECHANGELOG
[2025-11-14 16:59:45] INFO [liquibase.lockservice] Successfully released change log lock
[2025-11-17 09:49:48] INFO [liquibase.lockservice] Successfully acquired change log lock
[2025-11-17 09:49:49] INFO [liquibase.changelog] Reading from RSHB_SOFR_DEBUG.DATABASECHANGELOG
[2025-11-17 09:49:50] INFO [liquibase.lockservice] Successfully released change log lock
[2025-11-17 10:47:55] INFO [liquibase.lockservice] Successfully acquired change log lock
[2025-11-17 10:47:56] INFO [liquibase.changelog] Reading from RSHB_SOFR_DEBUG.DATABASECHANGELOG
[2025-11-17 10:47:57] INFO [liquibase.lockservice] Successfully released change log lock
[2025-11-17 12:13:10] INFO [liquibase.lockservice] Successfully acquired change log lock
[2025-11-17 12:13:11] INFO [liquibase.changelog] Reading from RSHB_SOFR_DEBUG.DATABASECHANGELOG
[2025-11-17 12:13:12] INFO [liquibase.lockservice] Successfully released change log lock
[2025-11-17 12:51:21] INFO [liquibase.lockservice] Successfully acquired change log lock
[2025-11-17 12:51:22] INFO [liquibase.changelog] Reading from RSHB_SOFR_DEBUG.DATABASECHANGELOG
[2025-11-17 12:51:23] INFO [liquibase.lockservice] Successfully released change log lock
[2025-11-17 13:01:14] INFO [liquibase.lockservice] Successfully acquired change log lock
[2025-11-17 13:01:15] INFO [liquibase.changelog] Reading from RSHB_SOFR_DEBUG.DATABASECHANGELOG
[2025-11-17 13:01:16] INFO [liquibase.lockservice] Successfully released change log lock
[2025-11-17 14:52:33] INFO [liquibase.lockservice] Successfully acquired change log lock
[2025-11-17 14:52:35] INFO [liquibase.changelog] Reading from RSHB_SOFR_DEBUG.DATABASECHANGELOG
[2025-11-17 14:52:36] INFO [liquibase.lockservice] Successfully released change log lock
[2025-11-17 14:55:17] INFO [liquibase.lockservice] Successfully acquired change log lock
[2025-11-17 14:55:19] INFO [liquibase.changelog] Reading from RSHB_SOFR_DEBUG.DATABASECHANGELOG
[2025-11-17 14:55:20] INFO [liquibase.lockservice] Successfully released change log lock
[2025-11-17 14:59:50] INFO [liquibase.lockservice] Successfully acquired change log lock
[2025-11-17 14:59:52] INFO [liquibase.changelog] Reading from RSHB_SOFR_DEBUG.DATABASECHANGELOG
[2025-11-17 14:59:53] INFO [liquibase.lockservice] Successfully released change log lock
[2025-11-18 14:55:04] SEVERE [liquibase.integration] Connection could not be created to jdbc:oracle:thin:@10.7.118.141:1521:sofr with driver oracle.jdbc.OracleDriver.  ORA-01017: invalid username/password; logon denied

liquibase.exception.CommandExecutionException: liquibase.exception.LiquibaseException: Unexpected error running Liquibase: liquibase.exception.DatabaseException: liquibase.exception.DatabaseException: Connection could not be created to jdbc:oracle:thin:@10.7.118.141:1521:sofr with driver oracle.jdbc.OracleDriver.  ORA-01017: invalid username/password; logon denied

	at liquibase.command.CommandScope.execute(CommandScope.java:163)
	at liquibase.integration.commandline.CommandRunner.call(CommandRunner.java:51)
	at liquibase.integration.commandline.CommandRunner.call(CommandRunner.java:21)
	at picocli.CommandLine.executeUserObject(CommandLine.java:1953)
	at picocli.CommandLine.access$1300(CommandLine.java:145)
	at picocli.CommandLine$RunLast.executeUserObjectOfLastSubcommandWithSameParent(CommandLine.java:2352)
	at picocli.CommandLine$RunLast.handle(CommandLine.java:2346)
	at picocli.CommandLine$RunLast.handle(CommandLine.java:2311)
	at picocli.CommandLine$AbstractParseResultHandler.execute(CommandLine.java:2179)
	at picocli.CommandLine.execute(CommandLine.java:2078)
	at liquibase.integration.commandline.LiquibaseCommandLine.lambda$execute$1(LiquibaseCommandLine.java:325)
	at liquibase.Scope.child(Scope.java:189)
	at liquibase.Scope.child(Scope.java:165)
	at liquibase.integration.commandline.LiquibaseCommandLine.execute(LiquibaseCommandLine.java:291)
	at liquibase.integration.commandline.LiquibaseCommandLine.main(LiquibaseCommandLine.java:80)
Caused by: liquibase.exception.LiquibaseException: Unexpected error running Liquibase: liquibase.exception.DatabaseException: liquibase.exception.DatabaseException: Connection could not be created to jdbc:oracle:thin:@10.7.118.141:1521:sofr with driver oracle.jdbc.OracleDriver.  ORA-01017: invalid username/password; logon denied

	at liquibase.integration.commandline.Main$1.run(Main.java:443)
	at liquibase.integration.commandline.Main$1.run(Main.java:221)
	at liquibase.Scope.child(Scope.java:189)
	at liquibase.Scope.child(Scope.java:165)
	at liquibase.integration.commandline.Main.run(Main.java:221)
	at liquibase.command.AbstractCliWrapperCommandStep.run(AbstractCliWrapperCommandStep.java:32)
	at liquibase.command.CommandScope.execute(CommandScope.java:157)
	... 14 more
Caused by: liquibase.exception.DatabaseException: liquibase.exception.DatabaseException: liquibase.exception.DatabaseException: liquibase.exception.DatabaseException: Connection could not be created to jdbc:oracle:thin:@10.7.118.141:1521:sofr with driver oracle.jdbc.OracleDriver.  ORA-01017: invalid username/password; logon denied

	at liquibase.integration.commandline.CommandLineUtils.createDatabaseObject(CommandLineUtils.java:138)
	at liquibase.integration.commandline.Main.doMigration(Main.java:1517)
	at liquibase.integration.commandline.Main$1.lambda$run$0(Main.java:398)
	at liquibase.Scope.lambda$child$0(Scope.java:180)
	at liquibase.Scope.child(Scope.java:189)
	at liquibase.Scope.child(Scope.java:179)
	at liquibase.Scope.child(Scope.java:158)
	at liquibase.integration.commandline.Main$1.run(Main.java:397)
	... 20 more
Caused by: liquibase.exception.DatabaseException: liquibase.exception.DatabaseException: liquibase.exception.DatabaseException: Connection could not be created to jdbc:oracle:thin:@10.7.118.141:1521:sofr with driver oracle.jdbc.OracleDriver.  ORA-01017: invalid username/password; logon denied

	at liquibase.database.DatabaseFactory.openConnection(DatabaseFactory.java:217)
	at liquibase.database.DatabaseFactory.openConnection(DatabaseFactory.java:176)
	at liquibase.database.DatabaseFactory.openDatabase(DatabaseFactory.java:141)
	at liquibase.integration.commandline.CommandLineUtils.createDatabaseObject(CommandLineUtils.java:92)
	... 27 more
Caused by: liquibase.exception.DatabaseException: liquibase.exception.DatabaseException: Connection could not be created to jdbc:oracle:thin:@10.7.118.141:1521:sofr with driver oracle.jdbc.OracleDriver.  ORA-01017: invalid username/password; logon denied

	at liquibase.database.ConnectionServiceFactory.create(ConnectionServiceFactory.java:35)
	at liquibase.database.DatabaseFactory.openConnection(DatabaseFactory.java:214)
	... 30 more
Caused by: liquibase.exception.DatabaseException: Connection could not be created to jdbc:oracle:thin:@10.7.118.141:1521:sofr with driver oracle.jdbc.OracleDriver.  ORA-01017: invalid username/password; logon denied

	at liquibase.database.jvm.JdbcConnection.open(JdbcConnection.java:54)
	at com.datical.liquibase.ext.database.jvm.ProJdbcConnection.open(Unknown Source)
	at liquibase.database.ConnectionServiceFactory.create(ConnectionServiceFactory.java:32)
	... 31 more

[2025-11-18 16:49:24] SEVERE [liquibase.integration] Connection could not be created to jdbc:oracle:thin:@10.7.118.141:1521:sofr with driver oracle.jdbc.OracleDriver.  ORA-01017: invalid username/password; logon denied

liquibase.exception.CommandExecutionException: liquibase.exception.LiquibaseException: Unexpected error running Liquibase: liquibase.exception.DatabaseException: liquibase.exception.DatabaseException: Connection could not be created to jdbc:oracle:thin:@10.7.118.141:1521:sofr with driver oracle.jdbc.OracleDriver.  ORA-01017: invalid username/password; logon denied

	at liquibase.command.CommandScope.execute(CommandScope.java:163)
	at liquibase.integration.commandline.CommandRunner.call(CommandRunner.java:51)
	at liquibase.integration.commandline.CommandRunner.call(CommandRunner.java:21)
	at picocli.CommandLine.executeUserObject(CommandLine.java:1953)
	at picocli.CommandLine.access$1300(CommandLine.java:145)
	at picocli.CommandLine$RunLast.executeUserObjectOfLastSubcommandWithSameParent(CommandLine.java:2352)
	at picocli.CommandLine$RunLast.handle(CommandLine.java:2346)
	at picocli.CommandLine$RunLast.handle(CommandLine.java:2311)
	at picocli.CommandLine$AbstractParseResultHandler.execute(CommandLine.java:2179)
	at picocli.CommandLine.execute(CommandLine.java:2078)
	at liquibase.integration.commandline.LiquibaseCommandLine.lambda$execute$1(LiquibaseCommandLine.java:325)
	at liquibase.Scope.child(Scope.java:189)
	at liquibase.Scope.child(Scope.java:165)
	at liquibase.integration.commandline.LiquibaseCommandLine.execute(LiquibaseCommandLine.java:291)
	at liquibase.integration.commandline.LiquibaseCommandLine.main(LiquibaseCommandLine.java:80)
Caused by: liquibase.exception.LiquibaseException: Unexpected error running Liquibase: liquibase.exception.DatabaseException: liquibase.exception.DatabaseException: Connection could not be created to jdbc:oracle:thin:@10.7.118.141:1521:sofr with driver oracle.jdbc.OracleDriver.  ORA-01017: invalid username/password; logon denied

	at liquibase.integration.commandline.Main$1.run(Main.java:443)
	at liquibase.integration.commandline.Main$1.run(Main.java:221)
	at liquibase.Scope.child(Scope.java:189)
	at liquibase.Scope.child(Scope.java:165)
	at liquibase.integration.commandline.Main.run(Main.java:221)
	at liquibase.command.AbstractCliWrapperCommandStep.run(AbstractCliWrapperCommandStep.java:32)
	at liquibase.command.CommandScope.execute(CommandScope.java:157)
	... 14 more
Caused by: liquibase.exception.DatabaseException: liquibase.exception.DatabaseException: liquibase.exception.DatabaseException: liquibase.exception.DatabaseException: Connection could not be created to jdbc:oracle:thin:@10.7.118.141:1521:sofr with driver oracle.jdbc.OracleDriver.  ORA-01017: invalid username/password; logon denied

	at liquibase.integration.commandline.CommandLineUtils.createDatabaseObject(CommandLineUtils.java:138)
	at liquibase.integration.commandline.Main.doMigration(Main.java:1517)
	at liquibase.integration.commandline.Main$1.lambda$run$0(Main.java:398)
	at liquibase.Scope.lambda$child$0(Scope.java:180)
	at liquibase.Scope.child(Scope.java:189)
	at liquibase.Scope.child(Scope.java:179)
	at liquibase.Scope.child(Scope.java:158)
	at liquibase.integration.commandline.Main$1.run(Main.java:397)
	... 20 more
Caused by: liquibase.exception.DatabaseException: liquibase.exception.DatabaseException: liquibase.exception.DatabaseException: Connection could not be created to jdbc:oracle:thin:@10.7.118.141:1521:sofr with driver oracle.jdbc.OracleDriver.  ORA-01017: invalid username/password; logon denied

	at liquibase.database.DatabaseFactory.openConnection(DatabaseFactory.java:217)
	at liquibase.database.DatabaseFactory.openConnection(DatabaseFactory.java:176)
	at liquibase.database.DatabaseFactory.openDatabase(DatabaseFactory.java:141)
	at liquibase.integration.commandline.CommandLineUtils.createDatabaseObject(CommandLineUtils.java:92)
	... 27 more
Caused by: liquibase.exception.DatabaseException: liquibase.exception.DatabaseException: Connection could not be created to jdbc:oracle:thin:@10.7.118.141:1521:sofr with driver oracle.jdbc.OracleDriver.  ORA-01017: invalid username/password; logon denied

	at liquibase.database.ConnectionServiceFactory.create(ConnectionServiceFactory.java:35)
	at liquibase.database.DatabaseFactory.openConnection(DatabaseFactory.java:214)
	... 30 more
Caused by: liquibase.exception.DatabaseException: Connection could not be created to jdbc:oracle:thin:@10.7.118.141:1521:sofr with driver oracle.jdbc.OracleDriver.  ORA-01017: invalid username/password; logon denied

	at liquibase.database.jvm.JdbcConnection.open(JdbcConnection.java:54)
	at com.datical.liquibase.ext.database.jvm.ProJdbcConnection.open(Unknown Source)
	at liquibase.database.ConnectionServiceFactory.create(ConnectionServiceFactory.java:32)
	... 31 more

[2025-11-18 17:33:36] SEVERE [liquibase.integration] Connection could not be created to jdbc:oracle:thin:@10.7.118.141:1521:sofr with driver oracle.jdbc.OracleDriver.  ORA-01017: invalid username/password; logon denied

liquibase.exception.CommandExecutionException: liquibase.exception.LiquibaseException: Unexpected error running Liquibase: liquibase.exception.DatabaseException: liquibase.exception.DatabaseException: Connection could not be created to jdbc:oracle:thin:@10.7.118.141:1521:sofr with driver oracle.jdbc.OracleDriver.  ORA-01017: invalid username/password; logon denied

	at liquibase.command.CommandScope.execute(CommandScope.java:163)
	at liquibase.integration.commandline.CommandRunner.call(CommandRunner.java:51)
	at liquibase.integration.commandline.CommandRunner.call(CommandRunner.java:21)
	at picocli.CommandLine.executeUserObject(CommandLine.java:1953)
	at picocli.CommandLine.access$1300(CommandLine.java:145)
	at picocli.CommandLine$RunLast.executeUserObjectOfLastSubcommandWithSameParent(CommandLine.java:2352)
	at picocli.CommandLine$RunLast.handle(CommandLine.java:2346)
	at picocli.CommandLine$RunLast.handle(CommandLine.java:2311)
	at picocli.CommandLine$AbstractParseResultHandler.execute(CommandLine.java:2179)
	at picocli.CommandLine.execute(CommandLine.java:2078)
	at liquibase.integration.commandline.LiquibaseCommandLine.lambda$execute$1(LiquibaseCommandLine.java:325)
	at liquibase.Scope.child(Scope.java:189)
	at liquibase.Scope.child(Scope.java:165)
	at liquibase.integration.commandline.LiquibaseCommandLine.execute(LiquibaseCommandLine.java:291)
	at liquibase.integration.commandline.LiquibaseCommandLine.main(LiquibaseCommandLine.java:80)
Caused by: liquibase.exception.LiquibaseException: Unexpected error running Liquibase: liquibase.exception.DatabaseException: liquibase.exception.DatabaseException: Connection could not be created to jdbc:oracle:thin:@10.7.118.141:1521:sofr with driver oracle.jdbc.OracleDriver.  ORA-01017: invalid username/password; logon denied

	at liquibase.integration.commandline.Main$1.run(Main.java:443)
	at liquibase.integration.commandline.Main$1.run(Main.java:221)
	at liquibase.Scope.child(Scope.java:189)
	at liquibase.Scope.child(Scope.java:165)
	at liquibase.integration.commandline.Main.run(Main.java:221)
	at liquibase.command.AbstractCliWrapperCommandStep.run(AbstractCliWrapperCommandStep.java:32)
	at liquibase.command.CommandScope.execute(CommandScope.java:157)
	... 14 more
Caused by: liquibase.exception.DatabaseException: liquibase.exception.DatabaseException: liquibase.exception.DatabaseException: liquibase.exception.DatabaseException: Connection could not be created to jdbc:oracle:thin:@10.7.118.141:1521:sofr with driver oracle.jdbc.OracleDriver.  ORA-01017: invalid username/password; logon denied

	at liquibase.integration.commandline.CommandLineUtils.createDatabaseObject(CommandLineUtils.java:138)
	at liquibase.integration.commandline.Main.doMigration(Main.java:1517)
	at liquibase.integration.commandline.Main$1.lambda$run$0(Main.java:398)
	at liquibase.Scope.lambda$child$0(Scope.java:180)
	at liquibase.Scope.child(Scope.java:189)
	at liquibase.Scope.child(Scope.java:179)
	at liquibase.Scope.child(Scope.java:158)
	at liquibase.integration.commandline.Main$1.run(Main.java:397)
	... 20 more
Caused by: liquibase.exception.DatabaseException: liquibase.exception.DatabaseException: liquibase.exception.DatabaseException: Connection could not be created to jdbc:oracle:thin:@10.7.118.141:1521:sofr with driver oracle.jdbc.OracleDriver.  ORA-01017: invalid username/password; logon denied

	at liquibase.database.DatabaseFactory.openConnection(DatabaseFactory.java:217)
	at liquibase.database.DatabaseFactory.openConnection(DatabaseFactory.java:176)
	at liquibase.database.DatabaseFactory.openDatabase(DatabaseFactory.java:141)
	at liquibase.integration.commandline.CommandLineUtils.createDatabaseObject(CommandLineUtils.java:92)
	... 27 more
Caused by: liquibase.exception.DatabaseException: liquibase.exception.DatabaseException: Connection could not be created to jdbc:oracle:thin:@10.7.118.141:1521:sofr with driver oracle.jdbc.OracleDriver.  ORA-01017: invalid username/password; logon denied

	at liquibase.database.ConnectionServiceFactory.create(ConnectionServiceFactory.java:35)
	at liquibase.database.DatabaseFactory.openConnection(DatabaseFactory.java:214)
	... 30 more
Caused by: liquibase.exception.DatabaseException: Connection could not be created to jdbc:oracle:thin:@10.7.118.141:1521:sofr with driver oracle.jdbc.OracleDriver.  ORA-01017: invalid username/password; logon denied

	at liquibase.database.jvm.JdbcConnection.open(JdbcConnection.java:54)
	at com.datical.liquibase.ext.database.jvm.ProJdbcConnection.open(Unknown Source)
	at liquibase.database.ConnectionServiceFactory.create(ConnectionServiceFactory.java:32)
	... 31 more

[2025-11-19 09:01:43] INFO [liquibase.lockservice] Successfully acquired change log lock
[2025-11-19 09:01:46] INFO [liquibase.changelog] Reading from RSHB_SOFR_DEBUG.DATABASECHANGELOG
[2025-11-19 09:01:48] INFO [liquibase.lockservice] Successfully released change log lock
[2025-11-19 11:42:13] INFO [liquibase.lockservice] Successfully acquired change log lock
[2025-11-19 11:42:14] INFO [liquibase.changelog] Reading from RSHB_SOFR_DEBUG.DATABASECHANGELOG
[2025-11-19 11:42:15] INFO [liquibase.lockservice] Successfully released change log lock
[2025-11-19 12:13:57] INFO [liquibase.lockservice] Successfully acquired change log lock
[2025-11-19 12:13:58] INFO [liquibase.changelog] Reading from RSHB_SOFR_DEBUG.DATABASECHANGELOG
[2025-11-19 12:14:00] INFO [liquibase.lockservice] Successfully released change log lock
[2025-11-20 16:14:43] INFO [liquibase.lockservice] Successfully acquired change log lock
[2025-11-20 16:14:45] INFO [liquibase.changelog] Reading from RSHB_SOFR_DEBUG.DATABASECHANGELOG
[2025-11-20 16:14:46] INFO [liquibase.lockservice] Successfully released change log lock
[2025-11-21 11:20:35] INFO [liquibase.lockservice] Successfully acquired change log lock
[2025-11-21 11:20:40] INFO [liquibase.changelog] Reading from RSHB_SOFR_DEBUG.DATABASECHANGELOG
[2025-11-21 11:20:41] INFO [liquibase.lockservice] Successfully released change log lock
[2025-11-21 16:31:22] INFO [liquibase.lockservice] Successfully acquired change log lock
[2025-11-21 16:31:23] INFO [liquibase.changelog] Reading from RSHB_SOFR_DEBUG.DATABASECHANGELOG
[2025-11-21 16:31:25] INFO [liquibase.lockservice] Successfully released change log lock
[2025-11-25 10:22:25] INFO [liquibase.lockservice] Successfully acquired change log lock
[2025-11-25 10:22:27] INFO [liquibase.changelog] Reading from RSHB_SOFR_DEBUG.DATABASECHANGELOG
[2025-11-25 10:22:29] INFO [liquibase.lockservice] Successfully released change log lock
[2025-11-25 10:22:29] SEVERE [liquibase.integration] Validation Failed:
     1 change sets check sum
          122/release-changelog.xml::122_BIQ-29457_create_dbdui_sem03_file_dbt_tmp.sql::Loginov was: 8:05cacf1ad377c13339fde1a0d28ded84 but is now: 8:54c28f7f0d6733bed0b48f95d3882194

liquibase.exception.CommandExecutionException: liquibase.exception.LiquibaseException: Unexpected error running Liquibase: Validation Failed:
     1 change sets check sum
          122/release-changelog.xml::122_BIQ-29457_create_dbdui_sem03_file_dbt_tmp.sql::Loginov was: 8:05cacf1ad377c13339fde1a0d28ded84 but is now: 8:54c28f7f0d6733bed0b48f95d3882194

	at liquibase.command.CommandScope.execute(CommandScope.java:163)
	at liquibase.integration.commandline.CommandRunner.call(CommandRunner.java:51)
	at liquibase.integration.commandline.CommandRunner.call(CommandRunner.java:21)
	at picocli.CommandLine.executeUserObject(CommandLine.java:1953)
	at picocli.CommandLine.access$1300(CommandLine.java:145)
	at picocli.CommandLine$RunLast.executeUserObjectOfLastSubcommandWithSameParent(CommandLine.java:2352)
	at picocli.CommandLine$RunLast.handle(CommandLine.java:2346)
	at picocli.CommandLine$RunLast.handle(CommandLine.java:2311)
	at picocli.CommandLine$AbstractParseResultHandler.execute(CommandLine.java:2179)
	at picocli.CommandLine.execute(CommandLine.java:2078)
	at liquibase.integration.commandline.LiquibaseCommandLine.lambda$execute$1(LiquibaseCommandLine.java:325)
	at liquibase.Scope.child(Scope.java:189)
	at liquibase.Scope.child(Scope.java:165)
	at liquibase.integration.commandline.LiquibaseCommandLine.execute(LiquibaseCommandLine.java:291)
	at liquibase.integration.commandline.LiquibaseCommandLine.main(LiquibaseCommandLine.java:80)
Caused by: liquibase.exception.LiquibaseException: Unexpected error running Liquibase: Validation Failed:
     1 change sets check sum
          122/release-changelog.xml::122_BIQ-29457_create_dbdui_sem03_file_dbt_tmp.sql::Loginov was: 8:05cacf1ad377c13339fde1a0d28ded84 but is now: 8:54c28f7f0d6733bed0b48f95d3882194

	at liquibase.integration.commandline.Main$1.run(Main.java:443)
	at liquibase.integration.commandline.Main$1.run(Main.java:221)
	at liquibase.Scope.child(Scope.java:189)
	at liquibase.Scope.child(Scope.java:165)
	at liquibase.integration.commandline.Main.run(Main.java:221)
	at liquibase.command.AbstractCliWrapperCommandStep.run(AbstractCliWrapperCommandStep.java:32)
	at liquibase.command.CommandScope.execute(CommandScope.java:157)
	... 14 more
Caused by: liquibase.exception.ValidationFailedException: Validation Failed:
     1 change sets check sum
          122/release-changelog.xml::122_BIQ-29457_create_dbdui_sem03_file_dbt_tmp.sql::Loginov was: 8:05cacf1ad377c13339fde1a0d28ded84 but is now: 8:54c28f7f0d6733bed0b48f95d3882194

	at liquibase.changelog.DatabaseChangeLog.validate(DatabaseChangeLog.java:296)
	at liquibase.Liquibase.lambda$update$1(Liquibase.java:231)
	at liquibase.Scope.lambda$child$0(Scope.java:180)
	at liquibase.Scope.child(Scope.java:189)
	at liquibase.Scope.child(Scope.java:179)
	at liquibase.Scope.child(Scope.java:158)
	at liquibase.Liquibase.runInScope(Liquibase.java:2405)
	at liquibase.Liquibase.update(Liquibase.java:211)
	at liquibase.Liquibase.update(Liquibase.java:197)
	at liquibase.integration.commandline.Main.doMigration(Main.java:1870)
	at liquibase.integration.commandline.Main$1.lambda$run$0(Main.java:398)
	at liquibase.Scope.lambda$child$0(Scope.java:180)
	at liquibase.Scope.child(Scope.java:189)
	at liquibase.Scope.child(Scope.java:179)
	at liquibase.Scope.child(Scope.java:158)
	at liquibase.integration.commandline.Main$1.run(Main.java:397)
	... 20 more

[2025-11-25 10:26:45] INFO [liquibase.lockservice] Successfully acquired change log lock
[2025-11-25 10:26:47] INFO [liquibase.changelog] Reading from RSHB_SOFR_DEBUG.DATABASECHANGELOG
[2025-11-25 10:26:48] INFO [liquibase.lockservice] Successfully released change log lock
[2025-11-25 14:25:10] INFO [liquibase.lockservice] Successfully acquired change log lock
[2025-11-25 14:25:12] INFO [liquibase.changelog] Reading from RSHB_SOFR_DEBUG.DATABASECHANGELOG
[2025-11-25 14:25:14] INFO [liquibase.lockservice] Successfully released change log lock
[2025-11-25 15:12:50] INFO [liquibase.lockservice] Successfully acquired change log lock
[2025-11-25 15:12:52] INFO [liquibase.changelog] Reading from RSHB_SOFR_DEBUG.DATABASECHANGELOG
[2025-11-25 15:12:53] INFO [liquibase.lockservice] Successfully released change log lock
[2025-11-25 15:42:07] INFO [liquibase.lockservice] Successfully acquired change log lock
[2025-11-25 15:42:08] INFO [liquibase.changelog] Reading from RSHB_SOFR_DEBUG.DATABASECHANGELOG
[2025-11-25 15:42:10] INFO [liquibase.lockservice] Successfully released change log lock
[2025-11-25 15:42:24] INFO [liquibase.lockservice] Successfully acquired change log lock
[2025-11-25 15:42:26] INFO [liquibase.changelog] Reading from RSHB_SOFR_DEBUG.DATABASECHANGELOG
[2025-11-25 15:42:28] INFO [liquibase.lockservice] Successfully released change log lock
[2025-11-26 16:58:06] INFO [liquibase.lockservice] Successfully acquired change log lock
[2025-11-26 16:58:07] INFO [liquibase.changelog] Reading from RSHB_SOFR_DEBUG.DATABASECHANGELOG
[2025-11-26 17:06:00] INFO [liquibase.lockservice] Waiting for changelog lock....
[2025-11-26 17:06:10] INFO [liquibase.lockservice] Waiting for changelog lock....
[2025-11-26 17:06:20] INFO [liquibase.lockservice] Waiting for changelog lock....
[2025-11-26 17:06:30] INFO [liquibase.lockservice] Waiting for changelog lock....
[2025-11-26 17:06:40] INFO [liquibase.lockservice] Waiting for changelog lock....
[2025-11-26 17:06:50] INFO [liquibase.lockservice] Waiting for changelog lock....
[2025-11-26 17:07:00] INFO [liquibase.lockservice] Waiting for changelog lock....
[2025-11-26 17:07:10] INFO [liquibase.lockservice] Waiting for changelog lock....
[2025-11-26 17:07:21] INFO [liquibase.lockservice] Waiting for changelog lock....
[2025-11-26 17:07:31] INFO [liquibase.lockservice] Waiting for changelog lock....
[2025-11-26 17:07:41] INFO [liquibase.lockservice] Waiting for changelog lock....
[2025-11-26 17:07:51] INFO [liquibase.lockservice] Waiting for changelog lock....
[2025-11-26 17:08:01] INFO [liquibase.lockservice] Waiting for changelog lock....
[2025-11-26 17:08:11] INFO [liquibase.lockservice] Waiting for changelog lock....
[2025-11-26 17:08:21] INFO [liquibase.lockservice] Waiting for changelog lock....
[2025-11-26 17:08:31] INFO [liquibase.lockservice] Waiting for changelog lock....
[2025-11-26 17:08:41] INFO [liquibase.lockservice] Waiting for changelog lock....
[2025-11-26 17:08:51] INFO [liquibase.lockservice] Waiting for changelog lock....
[2025-11-26 17:09:01] INFO [liquibase.lockservice] Waiting for changelog lock....
[2025-11-26 17:09:12] INFO [liquibase.lockservice] Waiting for changelog lock....
[2025-11-26 17:09:22] INFO [liquibase.lockservice] Waiting for changelog lock....
[2025-11-26 17:09:32] INFO [liquibase.lockservice] Waiting for changelog lock....
[2025-11-26 17:09:42] INFO [liquibase.lockservice] Waiting for changelog lock....
[2025-11-27 12:03:41] INFO [liquibase.lockservice] Waiting for changelog lock....
[2025-11-27 12:03:51] INFO [liquibase.lockservice] Waiting for changelog lock....
[2025-11-27 12:04:01] INFO [liquibase.lockservice] Waiting for changelog lock....
[2025-11-27 12:04:11] INFO [liquibase.lockservice] Waiting for changelog lock....
[2025-11-27 12:04:21] INFO [liquibase.lockservice] Waiting for changelog lock....
[2025-11-27 12:04:31] INFO [liquibase.lockservice] Waiting for changelog lock....
[2025-11-27 12:04:41] INFO [liquibase.lockservice] Waiting for changelog lock....
[2025-11-27 12:04:51] INFO [liquibase.lockservice] Waiting for changelog lock....
[2025-11-27 12:05:01] INFO [liquibase.lockservice] Waiting for changelog lock....
[2025-11-27 12:05:11] INFO [liquibase.lockservice] Waiting for changelog lock....
[2025-11-27 12:05:21] INFO [liquibase.lockservice] Waiting for changelog lock....
[2025-11-27 12:05:32] INFO [liquibase.lockservice] Waiting for changelog lock....
[2025-11-27 12:05:42] INFO [liquibase.lockservice] Waiting for changelog lock....
[2025-11-27 12:05:52] INFO [liquibase.lockservice] Waiting for changelog lock....
[2025-11-27 12:06:02] INFO [liquibase.lockservice] Waiting for changelog lock....
[2025-11-27 12:06:12] INFO [liquibase.lockservice] Waiting for changelog lock....
[2025-11-27 12:06:22] INFO [liquibase.lockservice] Waiting for changelog lock....
[2025-11-27 12:06:32] INFO [liquibase.lockservice] Waiting for changelog lock....
[2025-11-27 12:06:42] INFO [liquibase.lockservice] Waiting for changelog lock....
[2025-11-27 12:06:52] INFO [liquibase.lockservice] Waiting for changelog lock....
[2025-11-27 12:07:02] INFO [liquibase.lockservice] Waiting for changelog lock....
[2025-11-27 12:07:12] INFO [liquibase.lockservice] Waiting for changelog lock....
[2025-11-27 12:07:22] INFO [liquibase.lockservice] Waiting for changelog lock....
[2025-11-27 12:07:32] INFO [liquibase.lockservice] Waiting for changelog lock....
[2025-11-27 12:07:43] INFO [liquibase.lockservice] Waiting for changelog lock....
[2025-11-27 12:07:53] INFO [liquibase.lockservice] Waiting for changelog lock....
[2025-11-27 12:08:03] INFO [liquibase.lockservice] Waiting for changelog lock....
[2025-11-27 12:08:13] INFO [liquibase.lockservice] Waiting for changelog lock....
[2025-11-27 12:08:23] INFO [liquibase.lockservice] Waiting for changelog lock....
[2025-11-27 12:08:33] INFO [liquibase.lockservice] Waiting for changelog lock....
[2025-11-27 12:08:43] SEVERE [liquibase.integration] Could not acquire change log lock.  Currently locked by A-VDISTD102-015 (10.30.225.144) since 26.11.25 16:58
liquibase.exception.CommandExecutionException: liquibase.exception.LiquibaseException: Unexpected error running Liquibase: Could not acquire change log lock.  Currently locked by A-VDISTD102-015 (10.30.225.144) since 26.11.25 16:58
	at liquibase.command.CommandScope.execute(CommandScope.java:163)
	at liquibase.integration.commandline.CommandRunner.call(CommandRunner.java:51)
	at liquibase.integration.commandline.CommandRunner.call(CommandRunner.java:21)
	at picocli.CommandLine.executeUserObject(CommandLine.java:1953)
	at picocli.CommandLine.access$1300(CommandLine.java:145)
	at picocli.CommandLine$RunLast.executeUserObjectOfLastSubcommandWithSameParent(CommandLine.java:2352)
	at picocli.CommandLine$RunLast.handle(CommandLine.java:2346)
	at picocli.CommandLine$RunLast.handle(CommandLine.java:2311)
	at picocli.CommandLine$AbstractParseResultHandler.execute(CommandLine.java:2179)
	at picocli.CommandLine.execute(CommandLine.java:2078)
	at liquibase.integration.commandline.LiquibaseCommandLine.lambda$execute$1(LiquibaseCommandLine.java:325)
	at liquibase.Scope.child(Scope.java:189)
	at liquibase.Scope.child(Scope.java:165)
	at liquibase.integration.commandline.LiquibaseCommandLine.execute(LiquibaseCommandLine.java:291)
	at liquibase.integration.commandline.LiquibaseCommandLine.main(LiquibaseCommandLine.java:80)
Caused by: liquibase.exception.LiquibaseException: Unexpected error running Liquibase: Could not acquire change log lock.  Currently locked by A-VDISTD102-015 (10.30.225.144) since 26.11.25 16:58
	at liquibase.integration.commandline.Main$1.run(Main.java:443)
	at liquibase.integration.commandline.Main$1.run(Main.java:221)
	at liquibase.Scope.child(Scope.java:189)
	at liquibase.Scope.child(Scope.java:165)
	at liquibase.integration.commandline.Main.run(Main.java:221)
	at liquibase.command.AbstractCliWrapperCommandStep.run(AbstractCliWrapperCommandStep.java:32)
	at liquibase.command.CommandScope.execute(CommandScope.java:157)
	... 14 more
Caused by: liquibase.exception.LockException: Could not acquire change log lock.  Currently locked by A-VDISTD102-015 (10.30.225.144) since 26.11.25 16:58
	at liquibase.lockservice.StandardLockService.waitForLock(StandardLockService.java:270)
	at liquibase.Liquibase.lambda$update$1(Liquibase.java:214)
	at liquibase.Scope.lambda$child$0(Scope.java:180)
	at liquibase.Scope.child(Scope.java:189)
	at liquibase.Scope.child(Scope.java:179)
	at liquibase.Scope.child(Scope.java:158)
	at liquibase.Liquibase.runInScope(Liquibase.java:2405)
	at liquibase.Liquibase.update(Liquibase.java:211)
	at liquibase.Liquibase.update(Liquibase.java:197)
	at liquibase.integration.commandline.Main.doMigration(Main.java:1870)
	at liquibase.integration.commandline.Main$1.lambda$run$0(Main.java:398)
	at liquibase.Scope.lambda$child$0(Scope.java:180)
	at liquibase.Scope.child(Scope.java:189)
	at liquibase.Scope.child(Scope.java:179)
	at liquibase.Scope.child(Scope.java:158)
	at liquibase.integration.commandline.Main$1.run(Main.java:397)
	... 20 more

[2025-11-27 12:13:41] INFO [liquibase.lockservice] Waiting for changelog lock....
[2025-11-27 12:13:51] INFO [liquibase.lockservice] Waiting for changelog lock....
[2025-11-27 12:14:01] INFO [liquibase.lockservice] Waiting for changelog lock....
[2025-11-27 12:14:11] INFO [liquibase.lockservice] Waiting for changelog lock....
[2025-11-27 12:14:21] INFO [liquibase.lockservice] Waiting for changelog lock....
[2025-11-27 12:14:31] INFO [liquibase.lockservice] Waiting for changelog lock....
[2025-11-27 12:14:41] INFO [liquibase.lockservice] Waiting for changelog lock....
[2025-11-27 12:14:51] INFO [liquibase.lockservice] Waiting for changelog lock....
[2025-11-27 12:15:01] INFO [liquibase.lockservice] Waiting for changelog lock....
[2025-11-27 12:15:11] INFO [liquibase.lockservice] Waiting for changelog lock....
[2025-11-27 12:15:22] INFO [liquibase.lockservice] Waiting for changelog lock....
[2025-11-27 12:15:32] INFO [liquibase.lockservice] Waiting for changelog lock....
[2025-11-27 12:15:42] INFO [liquibase.lockservice] Waiting for changelog lock....
[2025-11-27 12:15:52] INFO [liquibase.lockservice] Waiting for changelog lock....
[2025-11-27 12:16:02] INFO [liquibase.lockservice] Waiting for changelog lock....
[2025-11-27 12:16:12] INFO [liquibase.lockservice] Waiting for changelog lock....
[2025-11-27 12:16:22] INFO [liquibase.lockservice] Waiting for changelog lock....
[2025-11-27 12:16:32] INFO [liquibase.lockservice] Waiting for changelog lock....
[2025-11-27 12:16:42] INFO [liquibase.lockservice] Waiting for changelog lock....
[2025-11-27 12:16:52] INFO [liquibase.lockservice] Waiting for changelog lock....
[2025-11-27 12:17:02] INFO [liquibase.lockservice] Waiting for changelog lock....
[2025-11-27 12:18:55] INFO [liquibase.lockservice] Successfully acquired change log lock
[2025-11-27 12:18:57] INFO [liquibase.changelog] Reading from RSHB_SOFR_DEBUG.DATABASECHANGELOG
[2025-11-27 12:18:59] INFO [liquibase.lockservice] Successfully released change log lock
[2025-11-27 12:18:59] SEVERE [liquibase.integration] Validation Failed:
     1 change sets check sum
          122/release-changelog.xml::122_BIQ-29457_create_ind_ddl_tick_dbt.sql::Loginov was: 8:04f77e94ce33da153235a4e323325db3 but is now: 8:355977685a097faa6484ad6a0b37a31b

liquibase.exception.CommandExecutionException: liquibase.exception.LiquibaseException: Unexpected error running Liquibase: Validation Failed:
     1 change sets check sum
          122/release-changelog.xml::122_BIQ-29457_create_ind_ddl_tick_dbt.sql::Loginov was: 8:04f77e94ce33da153235a4e323325db3 but is now: 8:355977685a097faa6484ad6a0b37a31b

	at liquibase.command.CommandScope.execute(CommandScope.java:163)
	at liquibase.integration.commandline.CommandRunner.call(CommandRunner.java:51)
	at liquibase.integration.commandline.CommandRunner.call(CommandRunner.java:21)
	at picocli.CommandLine.executeUserObject(CommandLine.java:1953)
	at picocli.CommandLine.access$1300(CommandLine.java:145)
	at picocli.CommandLine$RunLast.executeUserObjectOfLastSubcommandWithSameParent(CommandLine.java:2352)
	at picocli.CommandLine$RunLast.handle(CommandLine.java:2346)
	at picocli.CommandLine$RunLast.handle(CommandLine.java:2311)
	at picocli.CommandLine$AbstractParseResultHandler.execute(CommandLine.java:2179)
	at picocli.CommandLine.execute(CommandLine.java:2078)
	at liquibase.integration.commandline.LiquibaseCommandLine.lambda$execute$1(LiquibaseCommandLine.java:325)
	at liquibase.Scope.child(Scope.java:189)
	at liquibase.Scope.child(Scope.java:165)
	at liquibase.integration.commandline.LiquibaseCommandLine.execute(LiquibaseCommandLine.java:291)
	at liquibase.integration.commandline.LiquibaseCommandLine.main(LiquibaseCommandLine.java:80)
Caused by: liquibase.exception.LiquibaseException: Unexpected error running Liquibase: Validation Failed:
     1 change sets check sum
          122/release-changelog.xml::122_BIQ-29457_create_ind_ddl_tick_dbt.sql::Loginov was: 8:04f77e94ce33da153235a4e323325db3 but is now: 8:355977685a097faa6484ad6a0b37a31b

	at liquibase.integration.commandline.Main$1.run(Main.java:443)
	at liquibase.integration.commandline.Main$1.run(Main.java:221)
	at liquibase.Scope.child(Scope.java:189)
	at liquibase.Scope.child(Scope.java:165)
	at liquibase.integration.commandline.Main.run(Main.java:221)
	at liquibase.command.AbstractCliWrapperCommandStep.run(AbstractCliWrapperCommandStep.java:32)
	at liquibase.command.CommandScope.execute(CommandScope.java:157)
	... 14 more
Caused by: liquibase.exception.ValidationFailedException: Validation Failed:
     1 change sets check sum
          122/release-changelog.xml::122_BIQ-29457_create_ind_ddl_tick_dbt.sql::Loginov was: 8:04f77e94ce33da153235a4e323325db3 but is now: 8:355977685a097faa6484ad6a0b37a31b

	at liquibase.changelog.DatabaseChangeLog.validate(DatabaseChangeLog.java:296)
	at liquibase.Liquibase.lambda$update$1(Liquibase.java:231)
	at liquibase.Scope.lambda$child$0(Scope.java:180)
	at liquibase.Scope.child(Scope.java:189)
	at liquibase.Scope.child(Scope.java:179)
	at liquibase.Scope.child(Scope.java:158)
	at liquibase.Liquibase.runInScope(Liquibase.java:2405)
	at liquibase.Liquibase.update(Liquibase.java:211)
	at liquibase.Liquibase.update(Liquibase.java:197)
	at liquibase.integration.commandline.Main.doMigration(Main.java:1870)
	at liquibase.integration.commandline.Main$1.lambda$run$0(Main.java:398)
	at liquibase.Scope.lambda$child$0(Scope.java:180)
	at liquibase.Scope.child(Scope.java:189)
	at liquibase.Scope.child(Scope.java:179)
	at liquibase.Scope.child(Scope.java:158)
	at liquibase.integration.commandline.Main$1.run(Main.java:397)
	... 20 more

[2025-11-27 12:20:03] INFO [liquibase.lockservice] Successfully acquired change log lock
[2025-11-27 12:20:04] INFO [liquibase.changelog] Reading from RSHB_SOFR_DEBUG.DATABASECHANGELOG
[2025-11-27 12:20:05] INFO [liquibase.lockservice] Successfully released change log lock
[2025-11-28 16:13:55] INFO [liquibase.lockservice] Successfully acquired change log lock
[2025-11-28 16:13:56] INFO [liquibase.changelog] Reading from RSHB_SOFR_DEBUG.DATABASECHANGELOG
[2025-11-28 16:13:57] INFO [liquibase.lockservice] Successfully released change log lock
[2025-12-01 11:34:59] INFO [liquibase.lockservice] Successfully acquired change log lock
[2025-12-01 11:35:03] INFO [liquibase.changelog] Reading from RSHB_SOFR_DEBUG.DATABASECHANGELOG
[2025-12-01 11:35:05] INFO [liquibase.lockservice] Successfully released change log lock
[2025-12-02 13:34:51] INFO [liquibase.lockservice] Successfully acquired change log lock
[2025-12-02 13:34:53] INFO [liquibase.changelog] Reading from RSHB_SOFR_DEBUG.DATABASECHANGELOG
[2025-12-02 13:34:54] INFO [liquibase.lockservice] Successfully released change log lock
[2025-12-03 12:09:10] INFO [liquibase.lockservice] Successfully acquired change log lock
[2025-12-03 12:09:15] INFO [liquibase.changelog] Reading from RSHB_SOFR_DEBUG.DATABASECHANGELOG
[2025-12-03 12:09:20] INFO [liquibase.lockservice] Successfully released change log lock
[2025-12-04 12:40:59] INFO [liquibase.lockservice] Successfully acquired change log lock
[2025-12-04 12:41:03] INFO [liquibase.changelog] Reading from RSHB_SOFR_DEBUG.DATABASECHANGELOG
[2025-12-04 12:41:04] INFO [liquibase.lockservice] Successfully released change log lock
[2025-12-08 09:48:11] INFO [liquibase.lockservice] Successfully acquired change log lock
[2025-12-08 09:48:13] INFO [liquibase.changelog] Reading from RSHB_SOFR_DEBUG.DATABASECHANGELOG
[2025-12-08 09:48:14] INFO [liquibase.lockservice] Successfully released change log lock
[2025-12-08 09:50:28] INFO [liquibase.lockservice] Successfully acquired change log lock
[2025-12-08 09:50:30] INFO [liquibase.changelog] Reading from RSHB_SOFR_DEBUG.DATABASECHANGELOG
[2025-12-08 09:50:31] INFO [liquibase.lockservice] Successfully released change log lock
